Workbook

Sheet DASHBOARD
A2: DASHBOARD ASET BRA 2026
A3: Ringkasan otomatis dari sheet "List Data Aset BRA" dan "ASSET DIJUAL"
A5: TOTAL ASET | E5: STATUS AKTIF | I5: STATUS STANDBY | M5: PROJECT TERDATA
A6: =COUNTIF('List Data Aset BRA'!A6:A341,">0") -> 314 | E6: =COUNTIF('List Data Aset BRA'!C6:O345,"AKTIF") -> 245 | I6: =COUNTIF('List Data Aset BRA'!O6:O341,"STANDBY") -> 52 | M6: =COUNTA(S39:S67) -> 12
A10: RATA-RATA USIA ASET | E10: TANPA STATUS | I10: ASET DIJUAL | M10: NILAI ASET YANG TELAH TER JUAL
A11: =AVERAGE('List Data Aset BRA'!W6:W350) -> 4.1889251 | E11: =COUNTIF('List Data Aset BRA'!M6:M341,"YARD DURI") -> 11 | I11: ='ASSET DIJUAL'!C56 -> 30 | M11: ='ASSET DIJUAL'!I56 -> 7183000002
A38: KPI | B38: Value | D38: Status | E38: Jumlah | G38: Bucket Usia | H38: Jumlah | J38: Kategori | K38: Jumlah | M38: Project | N38: Jumlah | P38: Tahun Jual | Q38: Jumlah | S38: Semua Project
A39: Total Asset | B39: =COUNTIF('List Data Aset BRA'!A6:A341,">0") -> 314 | D39: AKTIF | E39: =COUNTIF('List Data Aset BRA'!C6:O345,"AKTIF") -> 245 | G39: 0-2 th | H39: =COUNTIF('List Data Aset BRA'!W6:W345,"0-2 th") -> 0 | J39: DUMPTRUCK | K39: =COUNTIF('List Data Aset BRA'!X6:X445,J39) -> 123 | M39: WUR EW | N39: 110 | P39: 2024 | Q39: 6 | S39: ADERA
A40: Status Aktif | B40: =COUNTIF('List Data Aset BRA'!O6:O341,"AKTIF") -> 245 | D40: STANDBY | E40: =COUNTIF('List Data Aset BRA'!C6:O345,"STANDBY") -> 52 | G40: 3-5 th | H40: =COUNTIF('List Data Aset BRA'!W6:W345,"3-5 th") -> 0 | J40: KENDARAAN OPERASIONAL | K40: =COUNTIF('List Data Aset BRA'!X6:X446,J40) -> 60 | M40: STANBY YARD | N40: 24 | P40: 2025 | Q40: 11 | S40: ASR
A41: Status Standby | B41: =COUNTIF('List Data Aset BRA'!O6:O341,"STANDBY") -> 52 | G41: 6-10 th | H41: =COUNTIF('List Data Aset BRA'!W6:W345,"6-10 th") -> 0 | J41: EXCAVATOR | K41: =COUNTIF('List Data Aset BRA'!X6:X447,J41) -> 27 | M41: RWI | N41: 23 | P41: 2026 | Q41: 2 | S41: BANGKO
A42: Tanpa Status | B42: =COUNTIF('List Data Aset BRA'!O6:O345,"(KOSONG)") -> 0 | G42: >10 th | H42: =COUNTIF('List Data Aset BRA'!W6:W345,">10 th") -> 1 | J42: VIBROROLLER | K42: =COUNTIF('List Data Aset BRA'!X6:X448,J42) -> 21 | M42: ADERA | N42: 18 | S42: DURI
B43: =SUM(B40:B42) -> 297 | G43: Tanpa tahun | H43: =COUNTIF('List Data Aset BRA'!W6:W345,"Tanpa tahun") -> 0 | J43: BULLDOZER | K43: =COUNTIF('List Data Aset BRA'!X6:X449,J43) -> 8 | M43: PERTAMINA EP | N43: 17 | S43: KSO BRA-BKP
A44: Project Terdata | B44: =COUNTA(S39:S67) -> 12 | J44: SEPEDA MOTOR | K44: =COUNTIF('List Data Aset BRA'!X6:X450,J44) -> 9 | M44: MATTING BOARD | N44: 17 | S44: MATTING BOARD
A45: Rata-rata Usia | B45: =AVERAGE('List Data Aset BRA'!W6:W350) -> 4.1889251 | J45: TMC | K45: =COUNTIF('List Data Aset BRA'!X6:X451,J45) -> 7 | M45: YARD DURI | N45: 7 | S45: PERTAGAS
A46: Aset Dijual | B46: ='ASSET DIJUAL'!C56 -> 30 | J46: TOTAL STATION DAN WATER PASS | K46: =COUNTIF('List Data Aset BRA'!X6:X452,J46) -> 11 | M46: ASR | N46: 6 | S46: PERTAMINA EP
A47: Nilai Jual Tercatat | B47: Rp 5.183.000.002 | J47: FLATDECK | K47: =COUNTIF('List Data Aset BRA'!X6:X454,J47) -> 0 | M47: KENDARI | N47: 12 | S47: RWI
J48: MOTOR GRADER | K48: =COUNTIF('List Data Aset BRA'!X6:X455,J48) -> 9 | M48: TOL JAMBI | N48: 6 | S48: SEWA KELMI
J49: PRIMOVER DAN LOWBED | K49: =COUNTIF('List Data Aset BRA'!X6:X467,J49) -> 0 | M49: YARD PALEMBANG | N49: 5 | S49: WUR EW
J50: BACKHOE LOADER | K50: =COUNTIF('List Data Aset BRA'!X6:X457,J50) -> 2 | S50: KENDARI
J51: WHEEL LOADER | K51: =COUNTIF('List Data Aset BRA'!X6:X458,J51) -> 4
J52: CRAWLER CRANE | K52: =COUNTIF('List Data Aset BRA'!X6:X459,J52) -> 2
J53: RECYCLING MACHINE | K53: =COUNTIF('List Data Aset BRA'!X6:X460,J53) -> 3
J54: SPREADER | K54: =COUNTIF('List Data Aset BRA'!X6:X461,J54) -> 0
J55: BREAKER | K55: =COUNTIF('List Data Aset BRA'!X6:X462,J55) -> 1
J56: MEDIUM BUS | K56: 3
J57: Truck Box Allumunium | K57: 1
J58: TRADO | K58: =COUNTIF('List Data Aset BRA'!X6:X466,J58) -> 4
J59: WATER TANK | K59: =COUNTIF('List Data Aset BRA'!X6:X468,J59) -> 6
J60: FUEL TANK | K60: =COUNTIF('List Data Aset BRA'!X6:X469,J60) -> 1
K62: =SUM(K39:K60) -> 302
A64: JUMLAH ALAT AKTIF/STANDBY PER PROJECT
A65: ALAT | B65: STATUS | C65: PROJECT
C66: ADERA | D66: ASR | E66: WUR EW | F66: PERTAGAS | G66: EQUIPMENT | H66: KENDARI | I66: MATTING BOARD | J66: YARD DURI | K66: RWI | L66: TOL JAMBI | M66: HO | N66: MUARA ENIM | O66: SAWIT ROHUL | P66: YARD PALEMBANG | Q66: USER PHR | R66: PEKANBARU
A67: VIBRO | B67: AKTIF | C67: =COUNTIFS('List Data Aset BRA'!$B:$B,$A67,'List Data Aset BRA'!$M:$M,C$66,'List Data Aset BRA'!$O:$O,$B67) -> 2 | D67: =COUNTIFS('List Data Aset BRA'!$B:$B,$A67,'List Data Aset BRA'!$M:$M,D$66,'List Data Aset BRA'!$O:$O,$B67) -> 0 | E67: =COUNTIFS('List Data Aset BRA'!$B:$B,$A67,'List Data Aset BRA'!$M:$M,E$66,'List Data Aset BRA'!$O:$O,$B67) -> 8 | F67: =COUNTIFS('List Data Aset BRA'!$B:$B,$A67,'List Data Aset BRA'!$M:$M,F$66,'List Data Aset BRA'!$O:$O,$B67) -> 0 | G67: =COUNTIFS('List Data Aset BRA'!$B:$B,$A67,'List Data Aset BRA'!$M:$M,G$66,'List Data Aset BRA'!$O:$O,$B67) -> 0 | H67: =COUNTIFS('List Data Aset BRA'!$B:$B,$A67,'List Data Aset BRA'!$M:$M,H$66,'List Data Aset BRA'!$O:$O,$B67) -> 0 | I67: =COUNTIFS('List Data Aset BRA'!$B:$B,$A67,'List Data Aset BRA'!$M:$M,I$66,'List Data Aset BRA'!$O:$O,$B67) -> 0 | J67: =COUNTIFS('List Data Aset BRA'!$B:$B,$A67,'List Data Aset BRA'!$M:$M,J$66,'List Data Aset BRA'!$O:$O,$B67) -> 0 | ... R67: =COUNTIFS('List Data Aset BRA'!$B:$B,$A67,'List Data Aset BRA'!$M:$M,R$66,'List Data Aset BRA'!$O:$O,$B67) -> 0
A68: VIBRO | B68: STANDBY | C68: =COUNTIFS('List Data Aset BRA'!$B:$B,$A68,'List Data Aset BRA'!$M:$M,C$66,'List Data Aset BRA'!$O:$O,$B68) -> 0 | D68: =COUNTIFS('List Data Aset BRA'!$B:$B,$A68,'List Data Aset BRA'!$M:$M,D$66,'List Data Aset BRA'!$O:$O,$B68) -> 0 | E68: =COUNTIFS('List Data Aset BRA'!$B:$B,$A68,'List Data Aset BRA'!$M:$M,E$66,'List Data Aset BRA'!$O:$O,$B68) -> 1 | F68: =COUNTIFS('List Data Aset BRA'!$B:$B,$A68,'List Data Aset BRA'!$M:$M,F$66,'List Data Aset BRA'!$O:$O,$B68) -> 0 | G68: =COUNTIFS('List Data Aset BRA'!$B:$B,$A68,'List Data Aset BRA'!$M:$M,G$66,'List Data Aset BRA'!$O:$O,$B68) -> 0 | H68: =COUNTIFS('List Data Aset BRA'!$B:$B,$A68,'List Data Aset BRA'!$M:$M,H$66,'List Data Aset BRA'!$O:$O,$B68) -> 0 | I68: =COUNTIFS('List Data Aset BRA'!$B:$B,$A68,'List Data Aset BRA'!$M:$M,I$66,'List Data Aset BRA'!$O:$O,$B68) -> 0 | J68: =COUNTIFS('List Data Aset BRA'!$B:$B,$A68,'List Data Aset BRA'!$M:$M,J$66,'List Data Aset BRA'!$O:$O,$B68) -> 0 | ... R68: =COUNTIFS('List Data Aset BRA'!$B:$B,$A68,'List Data Aset BRA'!$M:$M,R$66,'List Data Aset BRA'!$O:$O,$B68) -> 0
A69: MOTOR GRADER | B69: AKTIF | C69: =COUNTIFS('List Data Aset BRA'!$B:$B,$A69,'List Data Aset BRA'!$M:$M,C$66,'List Data Aset BRA'!$O:$O,$B69) -> 2 | D69: =COUNTIFS('List Data Aset BRA'!$B:$B,$A69,'List Data Aset BRA'!$M:$M,D$66,'List Data Aset BRA'!$O:$O,$B69) -> 0 | E69: =COUNTIFS('List Data Aset BRA'!$B:$B,$A69,'List Data Aset BRA'!$M:$M,E$66,'List Data Aset BRA'!$O:$O,$B69) -> 2 | F69: =COUNTIFS('List Data Aset BRA'!$B:$B,$A69,'List Data Aset BRA'!$M:$M,F$66,'List Data Aset BRA'!$O:$O,$B69) -> 0 | G69: =COUNTIFS('List Data Aset BRA'!$B:$B,$A69,'List Data Aset BRA'!$M:$M,G$66,'List Data Aset BRA'!$O:$O,$B69) -> 0 | H69: =COUNTIFS('List Data Aset BRA'!$B:$B,$A69,'List Data Aset BRA'!$M:$M,H$66,'List Data Aset BRA'!$O:$O,$B69) -> 1 | I69: =COUNTIFS('List Data Aset BRA'!$B:$B,$A69,'List Data Aset BRA'!$M:$M,I$66,'List Data Aset BRA'!$O:$O,$B69) -> 0 | J69: =COUNTIFS('List Data Aset BRA'!$B:$B,$A69,'List Data Aset BRA'!$M:$M,J$66,'List Data Aset BRA'!$O:$O,$B69) -> 0 | ... R69: =COUNTIFS('List Data Aset BRA'!$B:$B,$A69,'List Data Aset BRA'!$M:$M,R$66,'List Data Aset BRA'!$O:$O,$B69) -> 0
A70: MOTOR GRADER | B70: STANDBY | C70: =COUNTIFS('List Data Aset BRA'!$B:$B,$A70,'List Data Aset BRA'!$M:$M,C$66,'List Data Aset BRA'!$O:$O,$B70) -> 0 | D70: =COUNTIFS('List Data Aset BRA'!$B:$B,$A70,'List Data Aset BRA'!$M:$M,D$66,'List Data Aset BRA'!$O:$O,$B70) -> 0 | E70: =COUNTIFS('List Data Aset BRA'!$B:$B,$A70,'List Data Aset BRA'!$M:$M,E$66,'List Data Aset BRA'!$O:$O,$B70) -> 0 | F70: =COUNTIFS('List Data Aset BRA'!$B:$B,$A70,'List Data Aset BRA'!$M:$M,F$66,'List Data Aset BRA'!$O:$O,$B70) -> 0 | G70: =COUNTIFS('List Data Aset BRA'!$B:$B,$A70,'List Data Aset BRA'!$M:$M,G$66,'List Data Aset BRA'!$O:$O,$B70) -> 0 | H70: =COUNTIFS('List Data Aset BRA'!$B:$B,$A70,'List Data Aset BRA'!$M:$M,H$66,'List Data Aset BRA'!$O:$O,$B70) -> 0 | I70: =COUNTIFS('List Data Aset BRA'!$B:$B,$A70,'List Data Aset BRA'!$M:$M,I$66,'List Data Aset BRA'!$O:$O,$B70) -> 0 | J70: =COUNTIFS('List Data Aset BRA'!$B:$B,$A70,'List Data Aset BRA'!$M:$M,J$66,'List Data Aset BRA'!$O:$O,$B70) -> 0 | ... R70: =COUNTIFS('List Data Aset BRA'!$B:$B,$A70,'List Data Aset BRA'!$M:$M,R$66,'List Data Aset BRA'!$O:$O,$B70) -> 0
A71: BULLDOZER | B71: AKTIF | C71: =COUNTIFS('List Data Aset BRA'!$B:$B,$A71,'List Data Aset BRA'!$M:$M,C$66,'List Data Aset BRA'!$O:$O,$B71) -> 1 | D71: =COUNTIFS('List Data Aset BRA'!$B:$B,$A71,'List Data Aset BRA'!$M:$M,D$66,'List Data Aset BRA'!$O:$O,$B71) -> 0 | E71: =COUNTIFS('List Data Aset BRA'!$B:$B,$A71,'List Data Aset BRA'!$M:$M,E$66,'List Data Aset BRA'!$O:$O,$B71) -> 4 | F71: =COUNTIFS('List Data Aset BRA'!$B:$B,$A71,'List Data Aset BRA'!$M:$M,F$66,'List Data Aset BRA'!$O:$O,$B71) -> 0 | G71: =COUNTIFS('List Data Aset BRA'!$B:$B,$A71,'List Data Aset BRA'!$M:$M,G$66,'List Data Aset BRA'!$O:$O,$B71) -> 0 | H71: =COUNTIFS('List Data Aset BRA'!$B:$B,$A71,'List Data Aset BRA'!$M:$M,H$66,'List Data Aset BRA'!$O:$O,$B71) -> 1 | I71: =COUNTIFS('List Data Aset BRA'!$B:$B,$A71,'List Data Aset BRA'!$M:$M,I$66,'List Data Aset BRA'!$O:$O,$B71) -> 0 | J71: =COUNTIFS('List Data Aset BRA'!$B:$B,$A71,'List Data Aset BRA'!$M:$M,J$66,'List Data Aset BRA'!$O:$O,$B71) -> 0 | ... R71: =COUNTIFS('List Data Aset BRA'!$B:$B,$A71,'List Data Aset BRA'!$M:$M,R$66,'List Data Aset BRA'!$O:$O,$B71) -> 0
A72: BULLDOZER | B72: STANDBY | C72: =COUNTIFS('List Data Aset BRA'!$B:$B,$A72,'List Data Aset BRA'!$M:$M,C$66,'List Data Aset BRA'!$O:$O,$B72) -> 0 | D72: =COUNTIFS('List Data Aset BRA'!$B:$B,$A72,'List Data Aset BRA'!$M:$M,D$66,'List Data Aset BRA'!$O:$O,$B72) -> 0 | E72: =COUNTIFS('List Data Aset BRA'!$B:$B,$A72,'List Data Aset BRA'!$M:$M,E$66,'List Data Aset BRA'!$O:$O,$B72) -> 0 | F72: =COUNTIFS('List Data Aset BRA'!$B:$B,$A72,'List Data Aset BRA'!$M:$M,F$66,'List Data Aset BRA'!$O:$O,$B72) -> 0 | G72: =COUNTIFS('List Data Aset BRA'!$B:$B,$A72,'List Data Aset BRA'!$M:$M,G$66,'List Data Aset BRA'!$O:$O,$B72) -> 0 | H72: =COUNTIFS('List Data Aset BRA'!$B:$B,$A72,'List Data Aset BRA'!$M:$M,H$66,'List Data Aset BRA'!$O:$O,$B72) -> 0 | I72: =COUNTIFS('List Data Aset BRA'!$B:$B,$A72,'List Data Aset BRA'!$M:$M,I$66,'List Data Aset BRA'!$O:$O,$B72) -> 0 | J72: =COUNTIFS('List Data Aset BRA'!$B:$B,$A72,'List Data Aset BRA'!$M:$M,J$66,'List Data Aset BRA'!$O:$O,$B72) -> 0 | ... R72: =COUNTIFS('List Data Aset BRA'!$B:$B,$A72,'List Data Aset BRA'!$M:$M,R$66,'List Data Aset BRA'!$O:$O,$B72) -> 0
A73: EXCAVATOR | B73: AKTIF | C73: =COUNTIFS('List Data Aset BRA'!$B:$B,$A73,'List Data Aset BRA'!$M:$M,C$66,'List Data Aset BRA'!$O:$O,$B73) -> 2 | D73: =COUNTIFS('List Data Aset BRA'!$B:$B,$A73,'List Data Aset BRA'!$M:$M,D$66,'List Data Aset BRA'!$O:$O,$B73) -> 1 | E73: =COUNTIFS('List Data Aset BRA'!$B:$B,$A73,'List Data Aset BRA'!$M:$M,E$66,'List Data Aset BRA'!$O:$O,$B73) -> 12 | F73: =COUNTIFS('List Data Aset BRA'!$B:$B,$A73,'List Data Aset BRA'!$M:$M,F$66,'List Data Aset BRA'!$O:$O,$B73) -> 0 | G73: =COUNTIFS('List Data Aset BRA'!$B:$B,$A73,'List Data Aset BRA'!$M:$M,G$66,'List Data Aset BRA'!$O:$O,$B73) -> 0 | H73: =COUNTIFS('List Data Aset BRA'!$B:$B,$A73,'List Data Aset BRA'!$M:$M,H$66,'List Data Aset BRA'!$O:$O,$B73) -> 7 | I73: =COUNTIFS('List Data Aset BRA'!$B:$B,$A73,'List Data Aset BRA'!$M:$M,I$66,'List Data Aset BRA'!$O:$O,$B73) -> 0 | J73: =COUNTIFS('List Data Aset BRA'!$B:$B,$A73,'List Data Aset BRA'!$M:$M,J$66,'List Data Aset BRA'!$O:$O,$B73) -> 0 | ... R73: =COUNTIFS('List Data Aset BRA'!$B:$B,$A73,'List Data Aset BRA'!$M:$M,R$66,'List Data Aset BRA'!$O:$O,$B73) -> 1
A74: EXCAVATOR | B74: STANDBY | C74: =COUNTIFS('List Data Aset BRA'!$B:$B,$A74,'List Data Aset BRA'!$M:$M,C$66,'List Data Aset BRA'!$O:$O,$B74) -> 0 | D74: =COUNTIFS('List Data Aset BRA'!$B:$B,$A74,'List Data Aset BRA'!$M:$M,D$66,'List Data Aset BRA'!$O:$O,$B74) -> 0 | E74: =COUNTIFS('List Data Aset BRA'!$B:$B,$A74,'List Data Aset BRA'!$M:$M,E$66,'List Data Aset BRA'!$O:$O,$B74) -> 0 | F74: =COUNTIFS('List Data Aset BRA'!$B:$B,$A74,'List Data Aset BRA'!$M:$M,F$66,'List Data Aset BRA'!$O:$O,$B74) -> 0 | G74: =COUNTIFS('List Data Aset BRA'!$B:$B,$A74,'List Data Aset BRA'!$M:$M,G$66,'List Data Aset BRA'!$O:$O,$B74) -> 0 | H74: =COUNTIFS('List Data Aset BRA'!$B:$B,$A74,'List Data Aset BRA'!$M:$M,H$66,'List Data Aset BRA'!$O:$O,$B74) -> 0 | I74: =COUNTIFS('List Data Aset BRA'!$B:$B,$A74,'List Data Aset BRA'!$M:$M,I$66,'List Data Aset BRA'!$O:$O,$B74) -> 0 | J74: =COUNTIFS('List Data Aset BRA'!$B:$B,$A74,'List Data Aset BRA'!$M:$M,J$66,'List Data Aset BRA'!$O:$O,$B74) -> 2 | ... R74: =COUNTIFS('List Data Aset BRA'!$B:$B,$A74,'List Data Aset BRA'!$M:$M,R$66,'List Data Aset BRA'!$O:$O,$B74) -> 0
A75: BACKHOE LOADER | B75: AKTIF | C75: =COUNTIFS('List Data Aset BRA'!$B:$B,$A75,'List Data Aset BRA'!$M:$M,C$66,'List Data Aset BRA'!$O:$O,$B75) -> 1 | D75: =COUNTIFS('List Data Aset BRA'!$B:$B,$A75,'List Data Aset BRA'!$M:$M,D$66,'List Data Aset BRA'!$O:$O,$B75) -> 0 | E75: =COUNTIFS('List Data Aset BRA'!$B:$B,$A75,'List Data Aset BRA'!$M:$M,E$66,'List Data Aset BRA'!$O:$O,$B75) -> 0 | F75: =COUNTIFS('List Data Aset BRA'!$B:$B,$A75,'List Data Aset BRA'!$M:$M,F$66,'List Data Aset BRA'!$O:$O,$B75) -> 0 | G75: =COUNTIFS('List Data Aset BRA'!$B:$B,$A75,'List Data Aset BRA'!$M:$M,G$66,'List Data Aset BRA'!$O:$O,$B75) -> 0 | H75: =COUNTIFS('List Data Aset BRA'!$B:$B,$A75,'List Data Aset BRA'!$M:$M,H$66,'List Data Aset BRA'!$O:$O,$B75) -> 0 | I75: =COUNTIFS('List Data Aset BRA'!$B:$B,$A75,'List Data Aset BRA'!$M:$M,I$66,'List Data Aset BRA'!$O:$O,$B75) -> 0 | J75: =COUNTIFS('List Data Aset BRA'!$B:$B,$A75,'List Data Aset BRA'!$M:$M,J$66,'List Data Aset BRA'!$O:$O,$B75) -> 0 | ... R75: =COUNTIFS('List Data Aset BRA'!$B:$B,$A75,'List Data Aset BRA'!$M:$M,R$66,'List Data Aset BRA'!$O:$O,$B75) -> 0
A76: BACKHOE LOADER | B76: STANDBY | C76: =COUNTIFS('List Data Aset BRA'!$B:$B,$A76,'List Data Aset BRA'!$M:$M,C$66,'List Data Aset BRA'!$O:$O,$B76) -> 0 | D76: =COUNTIFS('List Data Aset BRA'!$B:$B,$A76,'List Data Aset BRA'!$M:$M,D$66,'List Data Aset BRA'!$O:$O,$B76) -> 0 | E76: =COUNTIFS('List Data Aset BRA'!$B:$B,$A76,'List Data Aset BRA'!$M:$M,E$66,'List Data Aset BRA'!$O:$O,$B76) -> 0 | F76: =COUNTIFS('List Data Aset BRA'!$B:$B,$A76,'List Data Aset BRA'!$M:$M,F$66,'List Data Aset BRA'!$O:$O,$B76) -> 0 | G76: =COUNTIFS('List Data Aset BRA'!$B:$B,$A76,'List Data Aset BRA'!$M:$M,G$66,'List Data Aset BRA'!$O:$O,$B76) -> 0 | H76: =COUNTIFS('List Data Aset BRA'!$B:$B,$A76,'List Data Aset BRA'!$M:$M,H$66,'List Data Aset BRA'!$O:$O,$B76) -> 0 | I76: =COUNTIFS('List Data Aset BRA'!$B:$B,$A76,'List Data Aset BRA'!$M:$M,I$66,'List Data Aset BRA'!$O:$O,$B76) -> 0 | J76: =COUNTIFS('List Data Aset BRA'!$B:$B,$A76,'List Data Aset BRA'!$M:$M,J$66,'List Data Aset BRA'!$O:$O,$B76) -> 0 | ... R76: =COUNTIFS('List Data Aset BRA'!$B:$B,$A76,'List Data Aset BRA'!$M:$M,R$66,'List Data Aset BRA'!$O:$O,$B76) -> 0
A77: WHEEL LOADER | B77: AKTIF | C77: =COUNTIFS('List Data Aset BRA'!$B:$B,$A77,'List Data Aset BRA'!$M:$M,C$66,'List Data Aset BRA'!$O:$O,$B77) -> 1 | D77: =COUNTIFS('List Data Aset BRA'!$B:$B,$A77,'List Data Aset BRA'!$M:$M,D$66,'List Data Aset BRA'!$O:$O,$B77) -> 0 | E77: =COUNTIFS('List Data Aset BRA'!$B:$B,$A77,'List Data Aset BRA'!$M:$M,E$66,'List Data Aset BRA'!$O:$O,$B77) -> 0 | F77: =COUNTIFS('List Data Aset BRA'!$B:$B,$A77,'List Data Aset BRA'!$M:$M,F$66,'List Data Aset BRA'!$O:$O,$B77) -> 0 | G77: =COUNTIFS('List Data Aset BRA'!$B:$B,$A77,'List Data Aset BRA'!$M:$M,G$66,'List Data Aset BRA'!$O:$O,$B77) -> 0 | H77: =COUNTIFS('List Data Aset BRA'!$B:$B,$A77,'List Data Aset BRA'!$M:$M,H$66,'List Data Aset BRA'!$O:$O,$B77) -> 0 | I77: =COUNTIFS('List Data Aset BRA'!$B:$B,$A77,'List Data Aset BRA'!$M:$M,I$66,'List Data Aset BRA'!$O:$O,$B77) -> 1 | J77: =COUNTIFS('List Data Aset BRA'!$B:$B,$A77,'List Data Aset BRA'!$M:$M,J$66,'List Data Aset BRA'!$O:$O,$B77) -> 0 | ... R77: =COUNTIFS('List Data Aset BRA'!$B:$B,$A77,'List Data Aset BRA'!$M:$M,R$66,'List Data Aset BRA'!$O:$O,$B77) -> 0
A78: WHEEL LOADER | B78: STANDBY | C78: =COUNTIFS('List Data Aset BRA'!$B:$B,$A78,'List Data Aset BRA'!$M:$M,C$66,'List Data Aset BRA'!$O:$O,$B78) -> 0 | D78: =COUNTIFS('List Data Aset BRA'!$B:$B,$A78,'List Data Aset BRA'!$M:$M,D$66,'List Data Aset BRA'!$O:$O,$B78) -> 0 | E78: =COUNTIFS('List Data Aset BRA'!$B:$B,$A78,'List Data Aset BRA'!$M:$M,E$66,'List Data Aset BRA'!$O:$O,$B78) -> 0 | F78: =COUNTIFS('List Data Aset BRA'!$B:$B,$A78,'List Data Aset BRA'!$M:$M,F$66,'List Data Aset BRA'!$O:$O,$B78) -> 0 | G78: =COUNTIFS('List Data Aset BRA'!$B:$B,$A78,'List Data Aset BRA'!$M:$M,G$66,'List Data Aset BRA'!$O:$O,$B78) -> 0 | H78: =COUNTIFS('List Data Aset BRA'!$B:$B,$A78,'List Data Aset BRA'!$M:$M,H$66,'List Data Aset BRA'!$O:$O,$B78) -> 0 | I78: =COUNTIFS('List Data Aset BRA'!$B:$B,$A78,'List Data Aset BRA'!$M:$M,I$66,'List Data Aset BRA'!$O:$O,$B78) -> 0 | J78: =COUNTIFS('List Data Aset BRA'!$B:$B,$A78,'List Data Aset BRA'!$M:$M,J$66,'List Data Aset BRA'!$O:$O,$B78) -> 0 | ... R78: =COUNTIFS('List Data Aset BRA'!$B:$B,$A78,'List Data Aset BRA'!$M:$M,R$66,'List Data Aset BRA'!$O:$O,$B78) -> 0
... A114: ALAT SURVEY | B114: STANDBY | C114: =COUNTIFS('List Data Aset BRA'!$B:$B,$A114,'List Data Aset BRA'!$M:$M,C$66,'List Data Aset BRA'!$O:$O,$B114) -> 0 | D114: =COUNTIFS('List Data Aset BRA'!$B:$B,$A114,'List Data Aset BRA'!$M:$M,D$66,'List Data Aset BRA'!$O:$O,$B114) -> 0 | E114: =COUNTIFS('List Data Aset BRA'!$B:$B,$A114,'List Data Aset BRA'!$M:$M,E$66,'List Data Aset BRA'!$O:$O,$B114) -> 0 | F114: =COUNTIFS('List Data Aset BRA'!$B:$B,$A114,'List Data Aset BRA'!$M:$M,F$66,'List Data Aset BRA'!$O:$O,$B114) -> 0 | G114: =COUNTIFS('List Data Aset BRA'!$B:$B,$A114,'List Data Aset BRA'!$M:$M,G$66,'List Data Aset BRA'!$O:$O,$B114) -> 0 | H114: =COUNTIFS('List Data Aset BRA'!$B:$B,$A114,'List Data Aset BRA'!$M:$M,H$66,'List Data Aset BRA'!$O:$O,$B114) -> 0 | I114: =COUNTIFS('List Data Aset BRA'!$B:$B,$A114,'List Data Aset BRA'!$M:$M,I$66,'List Data Aset BRA'!$O:$O,$B114) -> 0 | J114: =COUNTIFS('List Data Aset BRA'!$B:$B,$A114,'List Data Aset BRA'!$M:$M,J$66,'List Data Aset BRA'!$O:$O,$B114) -> 0 | ... R114: =COUNTIFS('List Data Aset BRA'!$B:$B,$A114,'List Data Aset BRA'!$M:$M,R$66,'List Data Aset BRA'!$O:$O,$B114) -> 0
B115: TOTAL | C115: =SUM(C67:C114) -> 16 | D115: =SUM(D67:D114) -> 5 | E115: =SUM(E67:E114) -> 127 | F115: =SUM(F67:F114) -> 1 | G115: =SUM(G67:G114) -> 7 | H115: =SUM(H67:H114) -> 9 | I115: =SUM(I67:I114) -> 19 | J115: =SUM(J67:J114) -> 12 | ... R115: =SUM(R67:R114) -> 5

Sheet List Data Aset BRA
A2: REKAP HEAVY EQUIPMENT DAN VEHICLE PT BINA REKAYASA ANUGRAH
A4: No | C4: Nama Asset | D4: Dealer | E4: Tahun Pembuatan | F4: Tahun Invoice/Dok | G4: No Polisi/Serial Number | H4: Status Warranty | I4: Kapasitas | J4: Kode Unit | K4: Nama Operator | L4: Nomor Lambung Aktual | M4: PROJECT | N4: LOKASI | O4: Status | P4: Update Status | Q4: LOKASI INVOICE | R4: STATUS LUNAS/LEASING | W4: USIA | X4: Kategori Clean
A5: A | B5: JENIS ALAT | C5: VIBROROLLER
A6: 1 | B6: VIBRO | C6: Bomag Smooth Drum Compactor BW211D-40 SL | D6: United Tractors | E6: 2021 | F6: 2021 | G6: 961582391008 | H6: tidak waranty | I6: 138 HP / 103 kW | J6: SD 01 | L6: BRA-SD-1106 | M6: WUR EW | N6: YARD DURI | O6: STANDBY | Q6: PT Chandra Sakti Utama (CSUL) | R6: LUNAS | W6: =IFERROR(IF(E6="","",YEAR(TODAY())-E6),"") -> 5 | X6: VIBROROLLER
A7: 2 | B7: VIBRO | C7: Bomag Smooth Drum Compactor BW211D-40 | D7: United Tractors | E7: 2020 | F7: 2021 | G7: 961582391036 | H7: tidak waranty | I7: 138 HP / 103 kW | J7: SD 02 | L7: SD-00001 | M7: WUR EW | N7: NDD | O7: AKTIF | Q7: PT Chandra Sakti Utama (CSUL) | R7: LUNAS | W7: =IFERROR(IF(E7="","",YEAR(TODAY())-E7),"") -> 6 | X7: VIBROROLLER
A8: 3 | B8: VIBRO | C8: Bomag Smooth Drum Compactor BW211D-40SL | D8: United Tractors | E8: 2021 | F8: 2021 | G8: 961582391145 | H8: tidak waranty | I8: 138 HP / 103 kW | J8: SD 03 | L8: VIBRO BW BRA-06 | M8: - | N8: YARD DURI | O8: STANDBY | Q8: LEASING MTF | R8: LUNAS | W8: =IFERROR(IF(E8="","",YEAR(TODAY())-E8),"") -> 5 | X8: VIBROROLLER
A9: 4 | B9: VIBRO | C9: Bomag Smooth Drum Compactor BW211D-40 | D9: United Tractors | E9: 2022 | F9: 2022 | G9: 961884301945 | H9: Warranty - 3000 | I9: 138 HP / 103 kW | J9: SD 05 | K9: BAMBANG | L9: SD-00004 | M9: WUR EW | N9: INFIELD | O9: AKTIF | Q9: LEASING MTF | W9: =IFERROR(IF(E9="","",YEAR(TODAY())-E9),"") -> 4 | X9: VIBROROLLER
A10: 5 | B10: VIBRO | C10: Bomag Smooth Drum BW211D-40 | D10: United Tractors | E10: 2022 | F10: 2022 | G10: 961884302060 | H10: Warranty - 3000 | I10: 138 HP / 103 kW | J10: SD 06 | K10: ROHIN | L10: SD-41005 | M10: RWI | N10: INTAN (Penasa) | O10: AKTIF | Q10: LEASING MTF | W10: =IFERROR(IF(E10="","",YEAR(TODAY())-E10),"") -> 4 | X10: VIBROROLLER
A11: 6 | B11: VIBRO | C11: Bomag Pad Foot Compactor BW211D-40 | D11: United Tractors | E11: 2022 | F11: 2022 | G11: 961884301016 | H11: tidak waranty | I11: 138 HP / 103 kW | J11: PF 01 | L11: VIBRO BW BRA-02 | M11: KENDARI | N11: BAHODOPI | O11: STANDBY | Q11: PT Chandra Sakti Utama (CSUL) | R11: LUNAS | W11: =IFERROR(IF(E11="","",YEAR(TODAY())-E11),"") -> 4 | X11: VIBROROLLER
A12: 7 | B12: VIBRO | C12: Bomag Pad Foot Compactor BW211D-40 | D12: United Tractors | E12: 2022 | F12: 2022 | G12: 961884301614 | H12: Warranty - 3000 | I12: 138 HP / 103 kW | J12: PF 02 | K12: YOPI | L12: PF-00004 | M12: WUR EW | N12: NDD | O12: AKTIF | Q12: LEASING SANF | W12: =IFERROR(IF(E12="","",YEAR(TODAY())-E12),"") -> 4 | X12: VIBROROLLER
A13: 8 | B13: VIBRO | C13: Bomag Pad Foot Compactor BW211D-40SL | D13: United Tractors | E13: 2022 | F13: 2022 | G13: 961582391152 | H13: tidak waranty | I13: 138 HP / 103 kW | J13: PF 03 | K13: JORDAN | L13: PF-1103 | M13: WUR EW | N13: CUCUT/CENTRAL | O13: AKTIF | Q13: LEASING BUANA | W13: =IFERROR(IF(E13="","",YEAR(TODAY())-E13),"") -> 4 | X13: VIBROROLLER
A14: 9 | B14: VIBRO | C14: CAT Smoothdrum CS10GC | D14: Trakindo | E14: 2022 | F14: 2022 | G14: T8F00361 | H14: tidak waranty | I14: 111 HP / 83 kW | J14: PF 04 | L14: SD-4102 | M14: RWI | N14: INTAN (Penasa) | O14: AKTIF | Q14: JAKARTA | R14: LUNAS | W14: =IFERROR(IF(E14="","",YEAR(TODAY())-E14),"") -> 4 | X14: VIBROROLLER
A15: 10 | B15: VIBRO | C15: Bomag Smooth Drum Compactor BW211D-40SL | D15: United Tractors | E15: 2022 | F15: 2022 | G15: 961582391103 | H15: tidak waranty | I15: 138 HP / 103 kW | J15: SD 07 | L15: VIBRO BW BRA-07 | M15: - | N15: YARD DURI | O15: STANDBY | Q15: LEASING BUANA | W15: =IFERROR(IF(E15="","",YEAR(TODAY())-E15),"") -> 4 | X15: VIBROROLLER
A16: 11 | B16: VIBRO | C16: Bomag Smooth Drum Compactor BW211D-40SL | D16: United Tractors | E16: 2024 | F16: 2024 | G16: 961582391660 | H16: voucher parts ut | I16: 138 HP / 103 kW | J16: SD 08 | L16: SD-41004 | M16: RWI | N16: YARD DURI | O16: STANDBY | Q16: LEASING MTF | W16: =IFERROR(IF(E16="","",YEAR(TODAY())-E16),"") -> 2 | X16: VIBROROLLER
A17: 12 | B17: VIBRO | C17: Bomag Smooth Drum Compactor BW211D-40SL | D17: United Tractors | E17: 2024 | F17: 2024 | G17: 961582391661 | H17: voucher parts ut | I17: 138 HP / 103 kW | J17: SD 09 | K17: ISMAIL | L17: SD-00005 | M17: WUR EW | N17: MESO | O17: AKTIF | Q17: LEASING MTF | W17: =IFERROR(IF(E17="","",YEAR(TODAY())-E17),"") -> 2 | X17: VIBROROLLER
A18: 13 | B18: VIBRO | C18: Bomag Pad Foot Compactor BW211D-40SL (WITH SOIL) | D18: United Tractors | E18: 2024 | F18: 2024 | G18: 961582391717 | H18: voucher parts ut | I18: 138 HP / 103 kW | J18: PF 05 | K18: HENDI | L18: PF-00001 | M18: WUR EW | N18: NDD | O18: AKTIF | W18: =IFERROR(IF(E18="","",YEAR(TODAY())-E18),"") -> 2 | X18: VIBROROLLER
A19: 14 | B19: VIBRO | C19: Bomag Pad Foot Compactor BW211D-40SL (WITH SOIL) | D19: United Tractors | E19: 2024 | F19: 2024 | G19: 961582391718 | H19: voucher parts ut | I19: 138 HP / 103 kW | J19: PF 06 | K19: SUPRIADI | L19: PF-00002 | M19: WUR EW | N19: NDD | O19: AKTIF | W19: =IFERROR(IF(E19="","",YEAR(TODAY())-E19),"") -> 2 | X19: VIBROROLLER
A20: 15 | B20: VIBRO | C20: Bomag Smooth Drum Compactor BW211D-40 SL | D20: United Tractors | E20: 2024 | F20: 2024 | G20: 961582391716 | H20: voucher parts ut | I20: 138 HP / 103 kW | J20: SD 10 | K20: HASBI | L20: SD-00002 | M20: WUR EW | N20: NDD | O20: AKTIF | W20: =IFERROR(IF(E20="","",YEAR(TODAY())-E20),"") -> 2 | X20: VIBROROLLER
A21: 16 | B21: VIBRO | C21: CAT Pad Foot CS10GC | D21: Trakindo | E21: 2025 | F21: 2025 | G21: T8F03605 | H21: Warranty 4000 | I21: 111 HP / 83 kW | J21: SD 11 | L21: VBBRA-011 | M21: ADERA | N21: ADERA | O21: AKTIF | W21: =IFERROR(IF(E21="","",YEAR(TODAY())-E21),"") -> 1 | X21: VIBROROLLER
A22: 17 | B22: VIBRO | C22: CAT Pad Foot CS10GC | D22: Trakindo | E22: 2025 | F22: 2025 | G22: T8F03606 | H22: Warranty 4000 | I22: 111 HP / 83 kW | J22: SD 12 | L22: VBBRA-012 | M22: ADERA | N22: ADERA | O22: AKTIF | W22: =IFERROR(IF(E22="","",YEAR(TODAY())-E22),"") -> 1 | X22: VIBROROLLER
A23: 18 | B23: VIBRO | C23: SAKAI Sheep Foot Compactor SV700TF | D23: Star Wagon | E23: 2025 | F23: 2025 | G23: VSV19T-10259 | H23: Warranty 2000 | I23: 18 TON / 166 HP / 124 kW | J23: PF07 | K23: WILTON | L23: PF-41001 | M23: RWI | N23: BP. HELI (Bekasap) | O23: AKTIF | W23: =IFERROR(IF(E23="","",YEAR(TODAY())-E23),"") -> 1 | X23: VIBROROLLER
A24: 19 | B24: VIBRO | C24: Sheep Foot XCMG XS250PD | D24: Sacindo | E24: 2026 | F24: 2026 | G24: XUG02051KSJE02502 | I24: 20 TON | J24: PF08 | K24: ADE JOANDA | L24: PF-41002 | M24: RWI | N24: CENTRAL | O24: AKTIF | W24: =IFERROR(IF(E24="","",YEAR(TODAY())-E24),"") -> 0 | X24: VIBROROLLER
A25: 20 | B25: VIBRO | C25: Sheep Foot XCMG X113E PD | D25: Sacindo | E25: 2026 | F25: 2026 | G25: XUG01131PSJE06060 | I25: 11 TON | J25: PF09 | K25: M. ARIF | L25: SD-41003 | M25: RWI | N25: CENTRAL | O25: AKTIF | W25: =IFERROR(IF(E25="","",YEAR(TODAY())-E25),"") -> 0 | X25: VIBROROLLER
A26: 21 | C26: HAMM Vibro Pad Foot Compactor HC208D | D26: Gaya Makmur Tractors | E26: 2026 | F26: 2026 | G26: HC208D | I26: 20 TON | J26: PF10 | K26: LOEWINSYAH | L26: PF-41003 | M26: RWI | N26: SIMPANG HELI | O26: AKTIF | W26: =IFERROR(IF(E26="","",YEAR(TODAY())-E26),"") -> 0 | X26: VIBROROLLER
A27: B | C27: MOTOR GRADER
A28: 1 | B28: MOTOR GRADER | C28: MOTOR GRADER CAT 120 K | D28: Trakindo | E28: 2013 | F28: 2013 | G28: SZN01229 | H28: tidak waranty | I28: 120 HP | J28: GR 1 | K28: HERMAN | L28: MG-00005 | M28: WUR EW | N28: B.PIT HARAPAN BARU | O28: AKTIF | Q28: PEKANBARU | R28: LUNAS | W28: =IFERROR(IF(E28="","",YEAR(TODAY())-E28),"") -> 13 | X28: MOTOR GRADER
A29: 2 | B29: MOTOR GRADER | C29: MOTOR GRADER KOMATSU GD535-5 | D29: United Tractors | E29: 2024 | F29: 2024 | G29: 2066 | H29: voucher parts ut | I29: 145 HP | J29: GR 2 | L29: MG BRA-002 | M29: ADERA | N29: ADERA | O29: AKTIF | Q29: LEASING MTF | W29: =IFERROR(IF(E29="","",YEAR(TODAY())-E29),"") -> 2 | X29: MOTOR GRADER
A30: 3 | B30: MOTOR GRADER | C30: MOTOR GRADER KOMATSU GD535-5 | D30: United Tractors | E30: 2019 | F30: 2019 | G30: 1372 | H30: tidak waranty | I30: 145 HP | J30: GR3 | K30: BAYU | L30: MG-41002 | M30: RWI | N30: INTAN (Penasa) | O30: AKTIF | Q30: BUANA | R30: LUNAS | W30: =IFERROR(IF(E30="","",YEAR(TODAY())-E30),"") -> 7 | X30: MOTOR GRADER
A31: 4 | B31: MOTOR GRADER | C31: MOTOR GRADER KOMATSU GD535-5 | D31: United Tractors | E31: 2025 | F31: 2025 | G31: 2259 | H31: tidak waranty | I31: 145 HP | J31: GR4 | L31: MG BRA-004 | M31: ADERA | N31: ADERA | O31: AKTIF | W31: =IFERROR(IF(E31="","",YEAR(TODAY())-E31),"") -> 1 | X31: MOTOR GRADER
A32: 5 | B32: MOTOR GRADER | C32: MOTOR GRADER XCMG GR135 MAX | D32: Gaya Makmur Putra | E32: 2024 | F32: 2024 | G32: PRDB00108 | I32: 150 HP | J32: GR5 | K32: JUNI HARDI | L32: MG-00004 | M32: WUR EW | N32: NDD | O32: AKTIF | W32: =IFERROR(IF(E32="","",YEAR(TODAY())-E32),"") -> 2 | X32: MOTOR GRADER
A33: 6 | B33: MOTOR GRADER | C33: MOTOR GRADER KOMATSU GD535-5 | D33: United Tractors | E33: 2026 | F33: 2026 | G33: 1319 | H33: tidak waranty | I33: 145 HP | J33: GR6 | L33: MG BRA-06 | M33: KENDARI | N33: BAHODOPI | O33: AKTIF | W33: =IFERROR(IF(E33="","",YEAR(TODAY())-E33),"") -> 0 | X33: MOTOR GRADER
A34: 7 | C34: MOTOR GRADER KOMATSU GD535-5 | D34: United Tractors | E34: 2019 | F34: 2019 | G34: 1376 | I34: 145 HP | J34: GR7 | K34: PERNANDA | L34: BRR-MG-4105 | M34: RWI | N34: PENASA | O34: AKTIF | Q34: JAKARTA | R34: LUNAS | W34: =IFERROR(IF(E34="","",YEAR(TODAY())-E34),"") -> 7 | X34: MOTOR GRADER
A35: 8 | C35: MOTOR GRADER KOMATSU GD535-5 | D35: United Tractors | E35: 2017 | F35: 2017 | G35: 1017 | I35: 145 HP | J35: GR8 | K35: SYAHWARI | L35: MG-41006 | M35: RWI | N35: BP. HELI (Bekasap) | O35: AKTIF | Q35: JAKARTA | R35: LUNAS | W35: =IFERROR(IF(E35="","",YEAR(TODAY())-E35),"") -> 9 | X35: MOTOR GRADER
A36: 9 | C36: MOTOR GRADER KOMATSU GD535-5 | D36: - | E36: 2018 | F36: 2018 | G36: 1135 | I36: 145 HP | J36: GR9 | L36: - | M36: - | N36: YARD DURI | O36: STANDBY | W36: =IFERROR(IF(E36="","",YEAR(TODAY())-E36),"") -> 8 | X36: MOTOR GRADER
A37: C | C37: BULLDOZER
A38: 1 | B38: BULLDOZER | C38: Bulldozer Caterpillar D6G | D38: trakindo | E38: 2006 | F38: 2006 | G38: P6G00163 | H38: tidak waranty | I38: 160 HP | J38: Dozer 01 | L38: BRA-01 | M38: WS ADERA | N38: WS ADERA | O38: STANDBY | Q38: PEKANBARU | R38: LUNAS | W38: =IFERROR(IF(E38="","",YEAR(TODAY())-E38),"") -> 20 | X38: BULLDOZER
A39: 2 | B39: BULLDOZER | C39: Bulldozer Caterpillar D6G 2XL | D39: trakindo | E39: 2012 | F39: 2012 | G39: P6G01656 | H39: tidak waranty | I39: 160 HP | J39: Dozer 03 | L39: DZ-00002 | M39: YARD DURI | N39: YARD DURI | O39: STANDBY | Q39: JAKARTA | R39: LUNAS | W39: =IFERROR(IF(E39="","",YEAR(TODAY())-E39),"") -> 14 | X39: BULLDOZER
A40: 3 | B40: BULLDOZER | C40: Bulldozer Komatsu D85ESS-2 | D40: KOMATSU | E40: 2012 | F40: 2012 | G40: J16298 | H40: tidak waranty | I40: 215 HP | J40: Dozer 04 | L40: DZ-00005 | M40: YARD DURI | N40: YARD DURI | O40: STANDBY | Q40: JAKARTA | R40: LUNAS | W40: =IFERROR(IF(E40="","",YEAR(TODAY())-E40),"") -> 14 | X40: BULLDOZER
A41: 4 | B41: BULLDOZER | C41: Bulldozer Caterpillar D6R | D41: Trakindo | E41: 2011 | F41: 2011 | G41: S6X00348 | H41: tidak waranty | I41: 200 HP | J41: Dozer 06 | L41: BRA-01 | M41: KENDARI | N41: MALILI | O41: STANDBY | Q41: PEKANBARU | R41: LUNAS | W41: =IFERROR(IF(E41="","",YEAR(TODAY())-E41),"") -> 15 | X41: BULLDOZER
A42: 5 | B42: BULLDOZER | C42: Bulldozer Caterpillar D6G 2XL | D42: Trakindo | E42: 2012 | F42: 2012 | G42: P6G01529 | H42: tidak waranty | I42: 160 HP | J42: Dozer 05 | L42: DZ-00003 | M42: KENDARI | N42: MALILI | O42: STANDBY | Q42: JAKARTA | R42: LUNAS | W42: =IFERROR(IF(E42="","",YEAR(TODAY())-E42),"") -> 14 | X42: BULLDOZER
A43: 6 | B43: BULLDOZER | C43: Bulldozer Caterpillar D7G2 | D43: Trakindo | E43: 2010 | F43: 2010 | G43: 7MB05410 | H43: tidak waranty | I43: 200 HP | J43: Dozer 07 | L43: BRA-07 | M43: - | N43: YARD DURI | O43: STANDBY | Q43: JAKARTA | R43: LUNAS | W43: =IFERROR(IF(E43="","",YEAR(TODAY())-E43),"") -> 16 | X43: BULLDOZER
A44: 7 | B44: BULLDOZER | C44: Bulldozer Komatsu D85ESS-2 | D44: United Tractors | E44: 2024 | F44: 2024 | G44: J21020 | H44: tidak waranty | I44: 215 HP | J44: Dozer 08 | K44: JAELANI | L44: DZ-00001 | M44: WUR EW | N44: NDD | O44: AKTIF | Q44: LEASING MTF | W44: =IFERROR(IF(E44="","",YEAR(TODAY())-E44),"") -> 2 | X44: BULLDOZER
A45: 8 | B45: BULLDOZER | C45: Bulldozer Komatsu D85ESS-2 | D45: United Tractors | E45: 2018 | F45: 2025 | G45: J18025 | I45: 215 HP | J45: Dozer 09 | L45: DZ BRA-009 | M45: ADERA | N45: ADERA | O45: AKTIF | W45: =IFERROR(IF(E45="","",YEAR(TODAY())-E45),"") -> 8 | X45: BULLDOZER
A46: 9 | B46: BULLDOZER | C46: Bulldozer Zoomlion ZD170G | D46: Total Crane | E46: 2025 | F46: 2025 | G46: ZLHD116HR1B05388 | I46: 185 HP | J46: Dozer 10 | K46: SULARNO | L46: DZ-00004 | M46: WUR EW | N46: INFIELD | O46: AKTIF | W46: =IFERROR(IF(E46="","",YEAR(TODAY())-E46),"") -> 1 | X46: EXCAVATOR
A47: 10 | B47: BULLDOZER | C47: Bulldozer Shantui SD16E | D47: San Traktor | E47: 2025 | F47: 2025 | G47: CHSD16AEKR1054524 | I47: 130 kW / 174 HP | J47: Dozer 11 | K47: DIAN PUTRA | L47: DZ-00006 | M47: WUR EW | N47: NDD | O47: AKTIF | W47: =IFERROR(IF(E47="","",YEAR(TODAY())-E47),"") -> 1 | X47: EXCAVATOR
A48: 11 | B48: BULLDOZER | C48: Bulldozer Shantui SD17-B3XL | D48: San Traktor | E48: 2026 | F48: 2026 | G48: CHSDA17AKSB054708 | I48: 130 kW / 174 HP | J48: Dozer 12 | L48: DZR BRA-12 | M48: KENDARI | N48: BAHODOPI | O48: AKTIF | W48: =IFERROR(IF(E48="","",YEAR(TODAY())-E48),"") -> 0 | X48: EXCAVATOR
A49: 12 | B49: BULLDOZER | C49: Bulldozer Shantui SD17-B3XL | D49: San Traktor | E49: 2026 | F49: 2026 | G49: CHSDA17AHSB054717 | I49: 130 kW / 174 HP | J49: Dozer 13 | K49: AGUSTIAWAN | L49: BRA-DZ-1109 | M49: WUR EW | N49: CUCUT/CENTRAL | O49: AKTIF | W49: =IFERROR(IF(E49="","",YEAR(TODAY())-E49),"") -> 0 | X49: EXCAVATOR
A50: D | C50: EXCAVATOR | W50: =IFERROR(IF(E50="","",YEAR(TODAY())-E50),"")
A51: 1 | B51: EXCAVATOR | C51: Excavator PC 210-10M0/P1 | D51: United Tractors | E51: 2020 | F51: 2020 | G51: C01531 | H51: Warranty - 10000 | I51: 165 HP / 1.2 M3 | J51: Exca 01 | L51: BRA-EXC-1108 | M51: WUR EW | N51: LABAN | O51: AKTIF | Q51: PT Chandra Sakti Utama (CSUL) | R51: LUNAS | W51: =IFERROR(IF(E51="","",YEAR(TODAY())-E51),"") -> 6 | X51: EXCAVATOR
A52: 2 | B52: EXCAVATOR | C52: Excavator PC 210-10M0/P1 | D52: United Tractors | E52: 2020 | F52: 2020 | G52: C01530 | H52: Warranty - 10000 | I52: 165 HP / 1.2 M3 | J52: Exca 02 | K52: GERY | L52: BRA-EXC-1118 | M52: WUR EW | N52: YARD DURI | O52: STANDBY | Q52: PT Chandra Sakti Utama (CSUL) | R52: LUNAS | W52: =IFERROR(IF(E52="","",YEAR(TODAY())-E52),"") -> 6 | X52: EXCAVATOR
A53: 3 | B53: EXCAVATOR | C53: Excavator Caterpillar 320D S/N | D53: Trakindo | E53: 2012 | F53: 2012 | G53: BZP03563 | H53: tidak waranty | I53: 140 HP / 1.19 M3 | J53: Exca 04 | L53: BRA-04 | M53: PEKANBARU | N53: PEKANBARU | O53: AKTIF | Q53: PEKANBARU | R53: LUNAS | W53: =IFERROR(IF(E53="","",YEAR(TODAY())-E53),"") -> 14 | X53: EXCAVATOR
A54: 4 | B54: EXCAVATOR | C54: Excavator CAT 320 GX new | D54: Trakindo | E54: 2022 | F54: 2022 | G54: SYW01364 | H54: tidak waranty | I54: 138 HP / 0.90 M3 | J54: Exca 06 | K54: TONDI | L54: BRA-EXC-1117 | M54: WUR EW | N54: BP.GBAL | O54: AKTIF | Q54: LEASING CFI | W54: =IFERROR(IF(E54="","",YEAR(TODAY())-E54),"") -> 4 | X54: EXCAVATOR
A55: 5 | B55: EXCAVATOR | C55: Excavator Komatsu PC 200-10 MOCE | D55: United Tractors | E55: 2022 | F55: 2022 | G55: DBCHO302 | H55: Warranty - 6000 | I55: 138 HP / 1.0 M3 | J55: Exca 07 | K55: MANURUNG | L55: BRA-EXC-1114 | M55: WUR EW | N55: BP.GBAL | O55: AKTIF | Q55: LEASING BFI | W55: =IFERROR(IF(E55="","",YEAR(TODAY())-E55),"") -> 4 | X55: EXCAVATOR
A56: 6 | B56: EXCAVATOR | C56: Excavator Caterpillar 320 GC | D56: Trakindo | E56: 2022 | F56: 2022 | G56: DKJ40199 | H56: tidak waranty | I56: 143 HP / 1.0 M3 | J56: Exca 10 | L56: BRA-10 | M56: KENDARI | N56: BAHODOPI | O56: AKTIF | Q56: LEASING CFI | R56: LUNAS | W56: =IFERROR(IF(E56="","",YEAR(TODAY())-E56),"") -> 4 | X56: EXCAVATOR
A57: 7 | B57: EXCAVATOR | C57: Excavator Caterpillar 320 GC | D57: Trakindo | E57: 2022 | F57: 2022 | G57: DKJ40200 | H57: tidak waranty | I57: 143 HP / 1.0 M3 | J57: Exca 11 | L57: BRA-11 | M57: KENDARI | N57: BAHODOPI | O57: AKTIF | Q57: LEASING CFI | R57: LUNAS | W57: =IFERROR(IF(E57="","",YEAR(TODAY())-E57),"") -> 4 | X57: EXCAVATOR
A58: 8 | B58: EXCAVATOR | C58: Excavator Komatsu PC 200-10 MOCE | D58: United Tractors | E58: 2022 | F58: 2022 | G58: DBCH0380 | H58: waranty ut | I58: 138 HP / 1.0 M3 | J58: Exca 12 | L58: BRA-12 | M58: WUR EW | N58: B.PIT HARAPAN BARU | O58: AKTIF | Q58: LEASING MTF | W58: =IFERROR(IF(E58="","",YEAR(TODAY())-E58),"") -> 4 | X58: EXCAVATOR
A59: 9 | B59: EXCAVATOR | C59: Excavator Komatsu PC 200-10 MOCE | D59: United Tractors | E59: 2022 | F59: 2022 | G59: DBCH0366 | H59: waranty ut | I59: 138 HP / 1.0 M3 | J59: Exca 13 | K59: ADI SANTOSO | L59: BRA-EXC-1104 | M59: WUR EW | N59: CUCUT/CENTRAL | O59: AKTIF | Q59: LEASING MTF | W59: =IFERROR(IF(E59="","",YEAR(TODAY())-E59),"") -> 4 | X59: EXCAVATOR
A60: 10 | B60: EXCAVATOR | C60: Excavator Caterpillar 320 GC | D60: Trakindo | E60: 2022 | F60: 2022 | G60: DKJ40263 | H60: tidak waranty | I60: 143 HP / 1.0 M3 | J60: Exca 14 | L60: BRA-14 | M60: KENDARI | N60: BAHODOPI | O60: AKTIF | Q60: LEASING CFI | R60: LUNAS | W60: =IFERROR(IF(E60="","",YEAR(TODAY())-E60),"") -> 4 | X60: EXCAVATOR
A61: 11 | B61: EXCAVATOR | C61: Excavator Caterpillar 320 GC | D61: Trakindo | E61: 2022 | F61: 2022 | G61: DKJ40294 | H61: tidak waranty | I61: 143 HP / 1.0 M3 | J61: Exca 15 | L61: BRA-15 | M61: KENDARI | N61: BAHODOPI | O61: AKTIF | Q61: LEASING CFI | W61: =IFERROR(IF(E61="","",YEAR(TODAY())-E61),"") -> 4 | X61: EXCAVATOR
A62: 12 | B62: EXCAVATOR | C62: Excavator Caterpillar 305.5E2 | D62: Trakindo | E62: 2023 | F62: 2023 | G62: WE217079 | H62: tidak waranty | I62: 41 HP / 0.22 M3 | J62: Exca 16 | L62: HE-6.004 | M62: YARD DURI | N62: YARD DURI | O62: STANDBY | Q62: LEASING CFI | W62: =IFERROR(IF(E62="","",YEAR(TODAY())-E62),"") -> 3 | X62: EXCAVATOR
A63: 13 | B63: EXCAVATOR | C63: Excavator Caterpillar 305.5E2 | D63: Trakindo | E63: 2023 | F63: 2023 | G63: WE217080 | H63: tidak waranty | I63: 41 HP / 0.22 M3 | J63: Exca 17 | L63: HE-6.001 | M63: YARD DURI | N63: YARD DURI | O63: STANDBY | P63: Menunggu Sparepart Pengganti | Q63: LEASING CFI | W63: =IFERROR(IF(E63="","",YEAR(TODAY())-E63),"") -> 3 | X63: EXCAVATOR
A64: 14 | B64: EXCAVATOR | C64: Excavator Caterpillar 305.5E2 | D64: Trakindo | E64: 2023 | F64: 2023 | G64: WE217081 | H64: tidak waranty | I64: 41 HP / 0.22 M3 | J64: Exca 18 | L64: HE-6.006 | M64: ASR | N64: HO | O64: AKTIF | Q64: LEASING MTF | R64: LUNAS | W64: =IFERROR(IF(E64="","",YEAR(TODAY())-E64),"") -> 3 | X64: EXCAVATOR
A65: 15 | B65: EXCAVATOR | C65: Excavator PC 200-10 MO | D65: United Tractors | E65: 2022 | F65: 2022 | G65: C51502 | H65: Warranty - 6000 | I65: 138 HP / 1.0 M3 | J65: Exca 20 | K65: SALOMO | L65: BRA-EXC-1107 | M65: WUR EW | N65: B.PIT HARAPAN BARU | O65: AKTIF | Q65: LEASING BUANA | W65: =IFERROR(IF(E65="","",YEAR(TODAY())-E65),"") -> 4 | X65: EXCAVATOR
A66: 16 | B66: EXCAVATOR | C66: Excavator PC 200-10 MO | D66: United Tractors | E66: 2022 | F66: 2022 | G66: C51503 | H66: Warranty - 6000 | I66: 138 HP / 1.0 M3 | J66: Exca 21 | K66: HERMAN | L66: BRA-EXC-1103 | M66: WUR EW | N66: B.PIT HARAPAN BARU | O66: AKTIF | Q66: LEASING BUANA | W66: =IFERROR(IF(E66="","",YEAR(TODAY())-E66),"") -> 4 | X66: EXCAVATOR
A67: 17 | B67: EXCAVATOR | C67: Excavator PC 200-10 MO | D67: United Tractors | E67: 2024 | F67: 2024 | G67: DBCH1801 | H67: Warranty - 4000 | I67: 138 HP / 1.0 M3 | J67: Exca 22 | K67: EDI | L67: BRA-EXC-1112 | M67: WUR EW | N67: INFIELD | O67: AKTIF | Q67: LEASING MTF | W67: =IFERROR(IF(E67="","",YEAR(TODAY())-E67),"") -> 2 | X67: EXCAVATOR
A68: 18 | B68: EXCAVATOR | C68: Excavator PC 200-10 MO | D68: United Tractors | E68: 2024 | F68: 2024 | G68: DBCH1784 | H68: Warranty - 4000 | I68: 138 HP / 1.0 M3 | J68: Exca 23 | K68: BOIMAH | L68: BRA-EXC-1116 | M68: WUR EW | N68: BP.GBAL | O68: AKTIF | Q68: LEASING MTF | W68: =IFERROR(IF(E68="","",YEAR(TODAY())-E68),"") -> 2 | X68: EXCAVATOR
A69: 19 | B69: EXCAVATOR | C69: Excavator PC 200-10 MO | D69: United Tractors | E69: 2024 | F69: 2024 | G69: DBCH2244 | H69: Warranty - 4000 | I69: 138 HP / 1.0 M3 | J69: Exca 24 | K69: IMSAR SIREGAR | L69: BRA-EXC-1101 | M69: WUR EW | N69: NDD | O69: AKTIF | W69: =IFERROR(IF(E69="","",YEAR(TODAY())-E69),"") -> 2 | X69: EXCAVATOR
A70: 20 | B70: EXCAVATOR | C70: Excavator PC 200-10 MO | D70: United Tractors | E70: 2024 | F70: 2024 | G70: DBCH2245 | H70: waranty ut | I70: 138 HP / 1.0 M3 | J70: Exca 25 | K70: HERI JONES | L70: BRA-EXC-1102 | M70: WUR EW | N70: B.PIT HARAPAN BARU | O70: AKTIF | W70: =IFERROR(IF(E70="","",YEAR(TODAY())-E70),"") -> 2 | X70: EXCAVATOR
A71: 21 | B71: EXCAVATOR | C71: Excavator PC 210-10M0/P1 | D71: United Tractors | E71: 2019 | F71: 2025 | G71: C00637 | H71: waranty ut | I71: 165 HP / 1.2 M3 | J71: Exca 26 | L71: BRA-26 | M71: KENDARI | N71: BAHODOPI | O71: AKTIF | W71: =IFERROR(IF(E71="","",YEAR(TODAY())-E71),"") -> 7 | X71: EXCAVATOR
A72: 22 | B72: EXCAVATOR | C72: Excavator PC 210-10M0/P1 | D72: United Tractors | E72: 2025 | F72: 2025 | G72: C07004 | H72: waranty ut | I72: 165 HP / 1.2 M3 | J72: Exca 27 | L72: Exca BRA-027 | M72: ADERA | N72: ADERA | O72: AKTIF | W72: =IFERROR(IF(E72="","",YEAR(TODAY())-E72),"") -> 1 | X72: BACKHOE LOADER
A73: 23 | B73: EXCAVATOR | C73: Excavator PC 210-10M0/P1 | D73: United Tractors | E73: 2025 | F73: 2025 | G73: C07076 | H73: waranty ut | I73: 165 HP / 1.2 M3 | J73: Exca 28 | L73: Exca BRA-028 | M73: ADERA | N73: ADERA | O73: AKTIF | W73: =IFERROR(IF(E73="","",YEAR(TODAY())-E73),"") -> 1 | X73: WHEEL LOADER
A74: 24 | B74: EXCAVATOR | C74: Excavator PC 200-10 MO | D74: United Tractors | E74: 2025 | F74: 2025 | G74: DBCH2941 | H74: Warranty - 4000 | I74: 138 HP / 1.0 M3 | J74: Exca 29 | K74: INDRA PRANATA | L74: BRA-EXC-1109 | M74: WUR EW | N74: NDD | O74: AKTIF | W74: =IFERROR(IF(E74="","",YEAR(TODAY())-E74),"") -> 1 | X74: WHEEL LOADER
A75: 25 | B75: EXCAVATOR | C75: Excavator PC 200-10 MO | D75: United Tractors | E75: 2026 | F75: 2026 | G75: C50726 | H75: Warranty - 4000 | I75: 138 HP / 1.0 M3 | J75: Exca 30 | L75: EXCA BRA 30 | M75: KENDARI | N75: BAHODOPI | O75: AKTIF | W75: =IFERROR(IF(E75="","",YEAR(TODAY())-E75),"") -> 0 | X75: EXCAVATOR
A76: 26 | B76: EXCAVATOR | C76: Excavator PC 200-10 MO | D76: United Tractors | E76: 2026 | F76: 2026 | G76: DBCH0947 | H76: waranty ut | I76: 138 HP / 1.0 M3 | J76: Exca 31 | L76: EXCA BRA 31 | M76: KENDARI | N76: BAHODOPI | O76: AKTIF | W76: =IFERROR(IF(E76="","",YEAR(TODAY())-E76),"") -> 0 | X76: EXCAVATOR
A77: E | C77: BACKHOE LOADER
A78: 1 | B78: BACKHOE LOADER | C78: Backhoe Loader JCB3CX | D78: Persada JCB | E78: 2025 | F78: 2025 | G78: HAR3CXPMTR3463439 | H78: Warranty - 4000 | I78: 92 HP | J78: BL 01 | L78: BHL BRA-001 | M78: ADERA | N78: ADERA | O78: AKTIF | W78: =IFERROR(IF(E78="","",YEAR(TODAY())-E78),"") -> 1 | X78: BACKHOE LOADER
A79: F | C79: WHEEL LOADER
A80: 1 | B80: WHEEL LOADER | C80: Wheel Loader Caterpillar 950 GC | D80: Trakindo | E80: 2025 | F80: 2025 | G80: M5K08000 | H80: Warranty - 2000 | I80: 202 HP | J80: WL 01 | L80: WL BRA-001 | M80: ADERA | N80: ADERA | O80: AKTIF | W80: =IFERROR(IF(E80="","",YEAR(TODAY())-E80),"") -> 1 | X80: WHEEL LOADER
A81: 2 | B81: WHEEL LOADER | C81: Wheel Loader SEM 655D (Pallet Fork) | D81: Tri Swardana Utama | E81: 2025 | F81: 2025 | G81: S5512759 | H81: Warranty - 2000 | I81: 162 kW / 217 HP | J81: WL 02 | K81: WAHYU RAMADI | L81: WL-31001 | M81: MATTING BOARD | N81: YARD DURI | O81: AKTIF | W81: =IFERROR(IF(E81="","",YEAR(TODAY())-E81),"") -> 1 | X81: WHEEL LOADER
A82: G | C82: CRAWLER CRANE
A83: 1 | B83: CRAWLER CRANE | C83: Crawler Crane Zoomlion ZCC600V | D83: Total Crane | E83: 2024 | F83: 2024 | G83: ZCC60-0199 | H83: waranty | I83: 60 TON | J83: CC-01 | L83: CC-00001 | M83: YARD DURI | N83: YARD DURI | O83: STANDBY | P83: Menunggu sparepart | Q83: LEASING MTF | W83: =IFERROR(IF(E83="","",YEAR(TODAY())-E83),"") -> 2 | X83: CRAWLER CRANE
A84: 2 | B84: CRAWLER CRANE | C84: Crawler Crane XCMG XGC35HD | D84: Gaya Makmur Putra | E84: 2025 | F84: 2025 | G84: XUG035HDAKFC00524 | H84: waranty | I84: 35 TON | J84: CC-02 | K84: MANURUNG | L84: CC-00002 | M84: WUR EW | N84: INFIELD | O84: AKTIF | W84: =IFERROR(IF(E84="","",YEAR(TODAY())-E84),"") -> 1 | X84: CRAWLER CRANE
A85: H | C85: RECYCLING MACHINE
A86: 1 | B86: RECYCLING MACHINE | C86: Road Cold Recycler XCMG XLZ2303K | D86: Sacindo | E86: 2025 | F86: 2025 | G86: XUG2303KJRDQ00021 | I86: 515 kW / 690 HP | J86: RM-01 | K86: SOFYAN | L86: RM-41001 | M86: RWI | N86: PENASA (Pinggir Duri) | O86: AKTIF | W86: =IFERROR(IF(E86="","",YEAR(TODAY())-E86),"") -> 1 | X86: RECYCLING MACHINE
A87: 2 | B87: RECYCLING MACHINE | C87: Road Reclaimers Caterpillar RM500B | D87: Trakindo | E87: 2025 | F87: 2025 | G87: RMZ00126 | H87: Warranty - 6000 | I87: 406 kW / 544 HP | J87: RM-02 | K87: ILYAS | L87: RM-41002 | M87: RWI | N87: CENTRAL | O87: AKTIF | W87: =IFERROR(IF(E87="","",YEAR(TODAY())-E87),"") -> 1 | X87: RECYCLING MACHINE
A88: 3 | C88: Road Cold Recycler Wirtgen WR240X | D88: Gaya Makmur Tractors | E88: 2026 | F88: 2026 | G88: WR240X | H88: Warranty - 12 Bulan/1000 HM | I88: 445 kW / 619 HP | J88: RM-03 | K88: MISRI | L88: RM-41003 | M88: RWI | N88: SIMPANG HELI | O88: AKTIF | W88: =IFERROR(IF(E88="","",YEAR(TODAY())-E88),"") -> 0 | X88: RECYCLING MACHINE
A89: I | C89: CEMENT SPREADER
A90: 1 | B90: SPREADER | C90: Powder Binder Spreader XCMG XKC185 | D90: Sacindo | E90: 2025 | F90: 2025 | G90: ZZ1257N4641W | H90: waranty | I90: 18 M3 | J90: CS-01 | K90: JOHARMAN | L90: CMS-4101 | M90: RWI | N90: INTAN, PENASA | O90: AKTIF | W90: =IFERROR(IF(E90="","",YEAR(TODAY())-E90),"") -> 1 | X90: CEMENT SPREADER
A91: 2 | B91: SPREADER | C91: Powder Binder Spreader XCMG XKC185 | D91: Sacindo | E91: 2025 | F91: 2025 | G91: ZZ1257N647E1R | H91: waranty | I91: 18 M3 | J91: CS-02 | K91: ERIXZON | L91: CS-41002 | M91: RWI | N91: SIMPANG HELI (BEKASAP) | O91: AKTIF | W91: =IFERROR(IF(E91="","",YEAR(TODAY())-E91),"") -> 1 | X91: CEMENT SPREADER
A92: 3 | C92: Powder Binder Spreader XCMG XKC185 | D92: Sacindo | E92: 2026 | F92: 2026 | G92: LZZ5BLMF2TN591679 | H92: waranty | I92: 18 M3 | J92: CS-03 | K92: AMON SIHOMBING | L92: CS-41003 | M92: RWI | N92: INTAN, PENASA | O92: AKTIF | W92: =IFERROR(IF(E92="","",YEAR(TODAY())-E92),"") -> 0 | X92: CEMENT SPREADER
A93: J | C93: BREAKER
A94: 1 | B94: BREAKER | C94: Stone Breaker SAGA288 (2020) | D94: - | E94: 2020 | F94: 2020 | G94: SAGAE320 | H94: tidak waranty | I94: 20 T | J94: SB-01 | L94: - | M94: - | N94: - | O94: - | Q94: - | R94: - | W94: =IFERROR(IF(E94="","",YEAR(TODAY())-E94),"") -> 6 | X94: BREAKER
A95: K | C95: MEDIUM BUS
A96: 1 | B96: MEDIUM BUS | C96: MEDIUM BUS 13-24 SEATS | D96: PT. Astra Isuzu Pekanbaru | E96: 2023 | F96: 2023 | G96: BM7680TU | H96: tidak waranty | I96: 13-24 SEATS | J96: MB-01 | L96: MB-00006 | M96: WUR EW | N96: B.PIT HARAPAN BARU | O96: AKTIF | Q96: LEASING MTF | W96: =IFERROR(IF(E96="","",YEAR(TODAY())-E96),"") -> 3 | X96: MEDIUM BUS
A97: No | C97: Nama Asset | E97: Tahun | F97: Tahun | G97: SN/ Pelat Kendaraan | I97: Kapasitas | J97: Kode Unit | L97: Kode Aktual | M97: PROJECT | N97: POSISI | O97: Status | Q97: LOKASI STNK | R97: LOKASI BPKB | S97: NOMOR RANGKA | T97: TYPE | U97: Expired Pajak | V97: STATUS LUNAS/LEASING | W97: USIA | X97: DUMPTRUCK
A98: L | C98: DUMPTRUCK
A99: 1 | B99: DUMP TRUCK | C99: Dump Truck HINO RANGER-FM 260 JD | D99: HINO | E99: 2018 | F99: 2018 | G99: B9115PYX / B9103ZYT/BM8864DO | H99: tidak waranty | I99: 24 M3 | J99: DT 09 | L99: BRA-DT-1148 | M99: WUR EW | N99: B.PIT HARAPAN BARU | O99: AKTIF | Q99: DURI | R99: LEASING MTF | S99: MJEFM8JN1JJE20967 | T99: FM260JD (6X4) | W99: =IFERROR(IF(E99="","",YEAR(TODAY())-E99),"") -> 8 | X99: DUMPTRUCK
A100: 2 | B100: DUMP TRUCK | C100: Dump Truck HINO RANGER-FM 260 JD | D100: HINO | E100: 2018 | F100: 2018 | G100: B9116PYX /B9102ZYT/BM8872DO | H100: tidak waranty | I100: 24 M3 | J100: DT 10 | L100: BRA-DT-1147 | M100: WUR EW | N100: YARD DURI | O100: STANDBY | Q100: DURI | R100: LEASING MTF | S100: MJEFM8JN1JJE20266 | T100: FM260JD (6X4) | W100: =IFERROR(IF(E100="","",YEAR(TODAY())-E100),"") -> 8 | X100: DUMPTRUCK
A101: 3 | B101: DUMP TRUCK | C101: Dump Truck HINO RANGER-FM 260 JD | D101: HINO | E101: 2018 | F101: 2018 | G101: B9121PYX/B9104ZYT/BM8873DO | H101: tidak waranty | I101: 24 M3 | J101: DT 11 | L101: BRA-DT-1149 | M101: WUR EW | N101: YARD DURI | O101: AKTIF | P101: Pemasangan Pintu ombeng | Q101: DURI | R101: LEASING MTF | S101: MJEFM8JN1JJE20289 | T101: FM260JD (6X4) | W101: =IFERROR(IF(E101="","",YEAR(TODAY())-E101),"") -> 8 | X101: DUMPTRUCK
A102: 4 | B102: DUMP TRUCK | C102: Dump Truck HINO RANGER-FM 260 JD | D102: HINO | E102: 2018 | F102: 2018 | G102: B9122PYX / B9105ZYT/BM8874DO | H102: tidak waranty | I102: 24 M3 | J102: DT 12 | L102: BRA-DT-1150 | M102: WUR EW | N102: BOROPIT BAL | O102: AKTIF | Q102: DURI | R102: LEASING MTF | S102: MJEFM8JN1JJE20969 | T102: FM260JD (6X4) | W102: =IFERROR(IF(E102="","",YEAR(TODAY())-E102),"") -> 8 | X102: DUMPTRUCK
...

Sheet Sheet35
A2: REKAP HEAVY EQUIPMENT BRA
A3: No | B3: Nama Asset | C3: Tahun | D3: SN/ Plat Kendaraan | E3: Kode Unit | F3: Nomor Lambung Aktual | G3: PROJECT | H3: STATUS/sisa cicilan | I3: CICILAN/BULAN | J3: Total Sisa Cicilan | K3: DEPRESIASI | L3: RATA2 PERBAIKAN /BULAN
A4: 1 | B4: Bomag Smooth Drum Compactor BW211D-40 SL | C4: 2020 | D4: 961582391008 | E4: SD 01 | F4: VIBRO BW BRA-01 | G4: KENDARI | H4: LUNAS | K4: 551604167 | L4: 3459238
A5: 2 | B5: Bomag Smooth Drum Compactor BW211D-40SL | C5: 2021 | D5: 961582391145 | E5: SD 03 | F5: VIBRO BW BRA-03 | G5: KENDARI | H5: LUNAS | K5: 452093750 | L5: 3320349
A6: 3 | B6: Bomag Pad Foot Compactor BW211D-40 | C6: 2022 | D6: 961884301016 | E6: PF 01 | F6: VIBRO BW BRA-02 | G6: KENDARI | H6: LUNAS | K6: 729322917 | L6: 2103682
A7: 4 | B7: Bomag Smooth Drum Compactor BW211D-40SL | C7: 2022 | D7: 961582391103 | E7: SD 07 | F7: VIBRO BW BRA-07 | G7: KENDARI | H7: 14/36 | I7: 22343000 | J7: =I7*14 -> 312802000 | K7: 169531250 | L7: 2103682
A8: 5 | B8: Bulldozer Caterpillar D6G 2XL | C8: 2012 | D8: P6G01529 | E8: Dozer 05 | F8: DZ-00003 | G8: KENDARI | H8: LUNAS | K8: 389062500 | L8: 4278587
A9: 6 | B9: Excavator Caterpillar 320 GC | C9: 2022 | D9: DKJ40199 | E9: Exca 10 | F9: BRA-10 | G9: KENDARI | H9: LUNAS | K9: 770952813 | L9: 1242337
A10: 7 | B10: Excavator Caterpillar 320 GC | C10: 2022 | D10: DKJ40200 | E10: Exca 11 | F10: BRA-11 | G10: KENDARI | H10: LUNAS | K10: 770952813 | L10: 815972
A11: 8 | B11: Excavator Caterpillar 320 GC | C11: 2022 | D11: DKJ40263 | E11: Exca 14 | F11: BRA-14 | G11: KENDARI | H11: LUNAS | K11: 713868750 | L11: 1515221
A12: 9 | B12: Excavator Caterpillar 320 GC | C12: 2022 | D12: DKJ40294 | E12: Exca 15 | F12: BRA-15 | G12: KENDARI | H12: LUNAS | K12: 713868750 | L12: 1584695
A13: 10 | B13: Excavator PC 210-10M0/P1 | C13: 2023 | D13: C00637 | E13: Exca 26 | F13: BRA-26 | G13: KENDARI | H13: 23/36 | I13: 26545103 | J13: =I13*23 -> 610537369 | K13: 145687500 | L13: 1035426
A14: 11 | B14: Bulldozer Caterpillar D6R | C14: 2011 | D14: S6X00348 | E14: Dozer 06 | F14: BRA-01 | G14: KENDARI | H14: LUNAS | K14: 262500000 | L14: 22924720
A18: No | B18: Nama Asset | C18: Tahun | D18: SN/ Plat Kendaraan | E18: Merk | F18: Lokasi | G18: Kapasitas
A19: 1 | B19: Bomag Smooth Drum BW211D-40 | C19: 2022 | D19: 961884302060 | E19: BOMAG | F19: YARD DURI | G19: 138 HP / 103 kW
A20: 2 | B20: Bomag Pad Foot Compactor BW211D-40SL | C20: 2022 | D20: 961582391152 | E20: BOMAG | F20: YARD DURI | G20: 138 HP / 103 kW
A21: 3 | B21: Bomag Smooth Drum Compactor BW211D-40SL | C21: 2024 | D21: 961582391660 | E21: BOMAG | F21: YARD DURI | G21: 138 HP / 103 kW
A22: 4 | B22: Excavator CAT 320 GX new | C22: 2022 | D22: SYW01364 | E22: CATERPILLAR | F22: YARD DURI | G22: 138 HP / 0.90 M3
A23: 5 | B23: Excavator Komatsu PC 200-10 MOCE | C23: 2022 | D23: DBCHO380 | E23: KOMATSU | F23: YARD DURI | G23: 138 HP / 1.0 M3
A24: 6 | B24: Excavator Caterpillar 305.5E2 | C24: 2023 | D24: WE217079 | E24: CATERPILLAR | F24: YARD DURI | G24: 41 HP / 0.22 M3
A25: 7 | B25: Excavator Caterpillar 305.5E2 | C25: 2023 | D25: WE217080 | E25: CATERPILLAR | F25: YARD DURI | G25: 41 HP / 0.22 M3
A26: 8 | B26: Excavator Caterpillar 305.5E2 | C26: 2023 | D26: WE217081 | E26: CATERPILLAR | F26: YARD DURI | G26: 41 HP / 0.22 M3
A27: 9 | B27: Crawler Crane Zoomlion ZCC600V | C27: 2023 | D27: ZCC60-0199 | E27: ZOOMLION | F27: YARD DURI | G27: 60 TON
A28: 10 | B28: Dump Truck QUESTER | C28: 2019 | D28: Z 9109 AB | E28: QUESTER | F28: YARD DURI | G28: 24 M3
A29: 11 | B29: Dump Truck HINO RANGER-FM 260 JD | C29: 2019 | D29: DT 9782 LE/ DT 8669 KE | E29: HINO | F29: YARD DURI | G29: 24 M3
A30: 12 | B30: Dumptruck Isuzu NMR 81 | C30: 2023 | D30: B9097ZYT | E30: ISUZU | F30: YARD DURI | G30: 8 M3
A31: 13 | B31: Dumptruck Isuzu NMR 81 | C31: 2023 | D31: B9098ZYT | E31: ISUZU | F31: YARD DURI | G31: 8 M3

Sheet DATA UNIT A2B DI YARD KM 12
B4: Nama Asset | C4: Dealer | D4: Tahun | E4: Serial Number | F4: Kapasitas | G4: Kode Unit | H4: Nomor Lambung Aktual | I4: PROJECT | J4: LOKASI | K4: TARGET PENYELESAIAN | L4: KETERANGAN
B5: Bomag Smooth Drum BW211D-40 | C5: United Tractors | D5: 2022 | E5: 961884302060 | F5: 138 HP / 103 kW | G5: SD 06 | H5: VIBRO BW BRA-06 | I5: RWI | J5: YAR DURI | L5: STATUS READY STAND BY
B6: Bomag Pad Foot Compactor BW211D-40SL | C6: United Tractors | D6: 2022 | E6: 961582391152 | F6: 138 HP / 103 kW | G6: PF 03 | H6: PF-00003 | I6: WUR EW | J6: YAR DURI | L6: STATUS READY STAND BY
B7: Bomag Smooth Drum Compactor BW211D-40SL | C7: United Tractors | D7: 2024 | E7: 961582391660 | F7: 138 HP / 103 kW | G7: SD 08 | H7: VIBRO BW BRA-08 | I7: RWI | J7: YAR DURI | L7: STATUS READY STAND BY
B8: Bulldozer Caterpillar D6G 2XL | C8: trakindo | D8: 2012 | E8: P6G01656 | F8: 160 HP | G8: Dozer 03 | H8: DZ-00002 | I8: YARD DURI | J8: YAR DURI | K8: ESTIMASI INSPEKSI TANGGAL 8 SEP 2026 | L8: STATUS READY WAITING INSPEKSI PAK ERI CEM
B9: Bulldozer Komatsu D85ESS-2 | C9: KOMATSU | D9: 2012 | E9: J16298 | F9: 215 HP | G9: Dozer 04 | H9: DZ-00005 | I9: YARD DURI | J9: YAR DURI | L9: STATUS READY
B10: Excavator PC 210-10M0/P1 | C10: United Tractors | D10: 2020 | E10: C01530 | F10: 165 HP / 1.2 M3 | G10: Exca 02 | H10: EXC-00013 | I10: KELMI/LABAN | J10: YAR DURI | K10: ESTIMASI READY TANGGAL 12 SEP 2026 | L10: RFU ,PROSES PENGECATAN,PLAN PERGANTIAN OLI HYDRAULIC
B11: Excavator Caterpillar 305.5E2 | C11: Trakindo | D11: 2023 | E11: WE217079 | F11: 41 HP / 0.22 M3 | G11: Exca 16 | H11: HE-6.004 | I11: YARD DURI | J11: YAR DURI | L11: UNIT READY STAND BY,SENSOR TRAVEL BELUM MODIFIKASI
B12: Excavator Caterpillar 305.5E2 | C12: Trakindo | D12: 2023 | E12: WE217080 | F12: 41 HP / 0.22 M3 | G12: Exca 17 | H12: HE-6.001 | I12: YARD DURI | J12: YAR DURI | K12: ESTIMASI READY 07 /10/2026 | L12: PART INDENT TRAKINDO,MASIH DI CARIKAN PERSAMAAN ORI OLEH PAK ERI GUSWAN
B13: Excavator Caterpillar 305.5E2 | C13: Trakindo | D13: 2023 | E13: WE217081 | F13: 41 HP / 0.22 M3 | G13: Exca 18 | H13: HE-6.006 | I13: YARD DURI | J13: YAR DURI | L13: UNIT READY STAND BY,SEDANG PEMASANGAN GPS
B14: Excavator PC 200-10 MO | C14: United Tractors | D14: 2022 | E14: C51502 | F14: 138 HP / 1.0 M3 | G14: Exca 20 | H14: EXC-00007 | I14: WUR EW | J14: YAR DURI
B15: Excavator PC 200-10 MO | C15: United Tractors | D15: 2024 | E15: DBCH1784 | F15: 138 HP / 1.0 M3 | G15: Exca 23 | H15: EXC-41001 | I15: KELMI/LABAN | J15: YAR DURI
B16: Wheel Loader SEM 655D (Pallet Fork) | C16: Tri Swardana Utama | D16: 2025 | E16: S5512759 | F16: 162 kW / 217 HP | G16: WL 02 | H16: WL-31001 | I16: MATTING BOARD | J16: YAR DURI | L16: UNIT READY STAND BY BEROPERASI DI YARD
B17: Crawler Crane Zoomlion ZCC600V | C17: Total Crane | D17: 2024 | E17: ZCC60-0199 | F17: 60 TON | G17: CC-01 | H17: CC-00001 | I17: YARD DURI | J17: YAR DURI | K17: ESTIMASI 14 SEP 2026 | L17: UNIT BREAKDOWN ,WAITING MEKANIK UNIQUIP EQUIPMENT INDONESIA
B18: EXCAVATOR PC 210-10 MO | C18: United Tractors | D18: 2020 | E18: C01531 | F18: 165 HP/1.2 M3 | G18: EXCA-1108 | H18: BRA-EXC-1108 | I18: WUR EW | J18: YARD DURI | L18: READY STAND BY,PLAN NEXT PAINTING
B19: EXCAVATOR

Sheet List rekap  dokumen
A2: REKAP HEAVY EQUIPMENT DAN VEHICLE PT BINA REKAYASA ANUGRAH
A4: No | C4: Nama Asset | D4: Dealer | E4: SerialNUmber | F4: Tahun | G4: INVOICE | H4: SILO | I4: PAJAK | J4: SNTK | K4: KIR | L4: BPKB | M4: FOTO 4 SISI | N4: KETERANGAN
A5: A | B5: JENIS ALAT | C5: VIBROROLLER
A6: 1 | B6: VIBRO | C6: Bomag Smooth Drum Compactor BW211D-40 SL | D6: United Tractors | E6: 961582391008 | F6: 2020 | G6: FALSE | H6: FALSE | I6: FALSE | J6: FALSE | K6: FALSE | L6: FALSE | M6: FALSE
A7: 2 | B7: VIBRO | C7: Bomag Smooth Drum Compactor BW211D-40 | D7: United Tractors | E7: 961582391036 | F7: 2020 | G7: FALSE | H7: FALSE | I7: FALSE | J7: FALSE | K7: FALSE | L7: FALSE | M7: FALSE
A8: 3 | B8: VIBRO | C8: Bomag Smooth Drum Compactor BW211D-40SL | D8: United Tractors | E8: 961582391145 | F8: 2021 | G8: FALSE | H8: FALSE | I8: FALSE | J8: FALSE | K8: FALSE | L8: FALSE | M8: FALSE
A9: 4 | B9: VIBRO | C9: Bomag Smooth Drum Compactor BW211D-40 | D9: United Tractors | E9: 961884301945 | F9: 2022 | G9: FALSE | H9: FALSE | I9: FALSE | J9: FALSE | K9: FALSE | L9: FALSE | M9: FALSE
A10: 5 | B10: VIBRO | C10: Bomag Smooth Drum BW211D-40 | D10: United Tractors | E10: 961884302060 | F10: 2022 | G10: FALSE | H10: FALSE | I10: FALSE | J10: FALSE | K10: FALSE | L10: FALSE | M10: FALSE
A11: 6 | B11: VIBRO | C11: Bomag Pad Foot Compactor BW211D-40 | D11: United Tractors | E11: 961884301016 | F11: 2022 | G11: FALSE | H11: FALSE | I11: FALSE | J11: FALSE | K11: FALSE | L11: FALSE | M11: FALSE
A12: 7 | B12: VIBRO | C12: Bomag Pad Foot Compactor BW211D-40 | D12: United Tractors | E12: 961884301614 | F12: 2022 | G12: FALSE | H12: FALSE | I12: FALSE | J12: FALSE | K12: FALSE | L12: FALSE | M12: FALSE
A13: 8 | B13: VIBRO | C13: Bomag Pad Foot Compactor BW211D-40SL | D13: United Tractors | E13: 961582391152 | F13: 2022 | G13: FALSE | H13: FALSE | I13: FALSE | J13: FALSE | K13: FALSE | L13: FALSE | M13: FALSE
A14: 9 | B14: VIBRO | C14: CAT Smoothdrum CS10GC | D14: Trakindo | E14: T8F00361 | F14: 2022 | G14: FALSE | H14: FALSE | I14: FALSE | J14: FALSE | K14: FALSE | L14: FALSE | M14: FALSE
A15: 10 | B15: VIBRO | C15: Bomag Smooth Drum Compactor BW211D-40SL | D15: United Tractors | E15: 961582391103 | F15: 2022 | G15: FALSE | H15: FALSE | I15: FALSE | J15: FALSE | K15: FALSE | L15: FALSE | M15: FALSE
A16: 11 | B16: VIBRO | C16: Bomag Smooth Drum Compactor BW211D-40SL | D16: United Tractors | E16: 961582391660 | F16: 2024 | G16: FALSE | H16: FALSE | I16: FALSE | J16: FALSE | K16: FALSE | L16: FALSE | M16: FALSE
A17: 12 | B17: VIBRO | C17: Bomag Smooth Drum Compactor BW211D-40SL | D17: United Tractors | E17: 961582391661 | F17: 2024 | G17: FALSE | H17: FALSE | I17: FALSE | J17: FALSE | K17: FALSE | L17: FALSE | M17: FALSE
A18: 13 | B18: VIBRO | C18: Bomag Pad Foot Compactor BW211D-40SL (WITH SOIL) | D18: United Tractors | E18: 961582391717 | F18: 2024 | G18: FALSE | H18: FALSE | I18: FALSE | J18: FALSE | K18: FALSE | L18: FALSE | M18: FALSE
A19: 14 | B19: VIBRO | C19: Bomag Pad Foot Compactor BW211D-40SL (WITH SOIL) | D19: United Tractors | E19: 961582391718 | F19: 2024 | G19: FALSE | H19: FALSE | I19: FALSE | J19: FALSE | K19: FALSE | L19: FALSE | M19: FALSE
A20: 15 | B20: VIBRO | C20: Bomag Smooth Drum Compactor BW211D-40 SL | D20: United Tractors | E20: 961582391716 | F20: 2024 | G20: FALSE | H20: FALSE | I20: FALSE | J20: FALSE | K20: FALSE | L20: FALSE | M20: FALSE
A21: 16 | B21: VIBRO | C21: CAT Pad Foot CS10GC | D21: Trakindo | E21: T8F03605 | F21: 2025 | G21: FALSE | H21: FALSE | I21: FALSE | J21: FALSE | K21: FALSE | L21: FALSE | M21: FALSE
A22: 17 | B22: VIBRO | C22: CAT Pad Foot CS10GC | D22: Trakindo | E22: T8F03606 | F22: 2025 | G22: FALSE | H22: FALSE | I22: FALSE | J22: FALSE | K22: FALSE | L22: FALSE | M22: FALSE
A23: 18 | B23: VIBRO | C23: SAKAI Sheep Foot Compactor SV700TF | D23: Star Wagon | E23: VSV19T-10259 | F23: 2025 | G23: FALSE | H23: FALSE | I23: FALSE | J23: FALSE | K23: FALSE | L23: FALSE | M23: FALSE
A24: 19 | B24: VIBRO | C24: Sheep Foot XCMG XS250PD | D24: Sacindo | E24: XUG02051KSJE02502 | F24: 2026 | G24: FALSE | H24: FALSE | I24: FALSE | J24: FALSE | K24: FALSE | L24: FALSE | M24: FALSE
A25: 20 | B25: VIBRO | C25: Sheep Foot XCMG X113E PD | D25: Sacindo | E25: XUG01131PSJE06060 | F25: 2026 | G25: FALSE | H25: FALSE | I25: FALSE | J25: FALSE | K25: FALSE | L25: FALSE | M25: FALSE
A26: B | C26: MOTOR GRADER
A27: 1 | B27: MOTOR GRADER | C27: MOTOR GRADER CAT 120 K | D27: Trakindo | E27: SZN01229 | F27: 2013 | G27: FALSE | H27: FALSE | I27: FALSE | J27: FALSE | K27: FALSE | L27: FALSE | M27: FALSE
A28: 2 | B28: MOTOR GRADER | C28: MOTOR GRADER KOMATSU GD535-5 | D28: United Tractors | E28: 2066 | F28: 2024 | G28: FALSE | H28: FALSE | I28: FALSE | J28: FALSE | K28: FALSE | L28: FALSE | M28: FALSE
A29: 3 | B29: MOTOR GRADER | C29: MOTOR GRADER KOMATSU GD535-5 | D29: United Tractors | E29: 1372 | F29: 2019 | G29: FALSE | H29: FALSE | I29: FALSE | J29: FALSE | K29: FALSE | L29: FALSE | M29: FALSE
A30: 4 | B30: MOTOR GRADER | C30: MOTOR GRADER KOMATSU GD535-5 | D30: United Tractors | E30: 2259 | F30: 2025 | G30: FALSE | H30: FALSE | I30: FALSE | J30: FALSE | K30: FALSE | L30: FALSE | M30: FALSE
A31: 5 | B31: MOTOR GRADER | C31: MOTOR GRADER XCMG GR135 MAX | D31: Gaya Makmur Putra | E31: PRDB00108 | F31: 2024 | G31: FALSE | H31: FALSE | I31: FALSE | J31: FALSE | K31: FALSE | L31: FALSE | M31: FALSE
A32: 6 | B32: MOTOR GRADER | C32: MOTOR GRADER KOMATSU GD535-5 | D32: United Tractors | E32: 1319 | F32: 2026 | G32: FALSE | H32: FALSE | I32: FALSE | J32: FALSE | K32: FALSE | L32: FALSE | M32: FALSE
A33: 7 | C33: MOTOR GRADER KOMATSU GD535-5 | G33: FALSE | H33: FALSE | I33: FALSE | J33: FALSE | K33: FALSE | L33: FALSE | M33: FALSE
A34: 8 | C34: MOTOR GRADER KOMATSU GD535-5 | G34: FALSE | H34: FALSE | I34: FALSE | J34: FALSE | K34: FALSE | L34: FALSE | M34: FALSE
A35: C | C35: BULLDOZER
A36: 1 | B36: BULLDOZER | C36: Bulldozer Caterpillar D6G | D36: trakindo | E36: P6G00163 | F36: 2006 | G36: FALSE | H36: FALSE | I36: FALSE | J36: FALSE | K36: FALSE | L36: FALSE | M36: FALSE
A37: 2 | B37: BULLDOZER | C37: Bulldozer Caterpillar D6G 2XL | D37: trakindo | E37: P6G01656 | F37: 2012 | G37: FALSE | H37: FALSE | I37: FALSE | J37: FALSE | K37: FALSE | L37: FALSE | M37: FALSE
A38: 3 | B38: BULLDOZER | C38: Bulldozer Komatsu D85ESS-2 | D38: KOMATSU | E38: J16298 | F38: 2012 | G38: FALSE | H38: FALSE | I38: FALSE | J38: FALSE | K38: FALSE | L38: FALSE | M38: FALSE
A39: 4 | B39: BULLDOZER | C39: Bulldozer Caterpillar D6R | D39: Trakindo | E39: S6X00348 | F39: 2011 | G39: FALSE | H39: FALSE | I39: FALSE | J39: FALSE | K39: FALSE | L39: FALSE | M39: FALSE
A40: 5 | B40: BULLDOZER | C40: Bulldozer Caterpillar D6G 2XL | D40: Trakindo | E40: P6G01529 | F40: 2012 | G40: FALSE | H40: FALSE | I40: FALSE | J40: FALSE | K40: FALSE | L40: FALSE | M40: FALSE
A41: 6 | B41: BULLDOZER | C41: Bulldozer Caterpillar D7G2 | D41: Trakindo | E41: 7MB05410 | F41: 2010 | G41: FALSE | H41: FALSE | I41: FALSE | J41: FALSE | K41: FALSE | L41: FALSE | M41: FALSE
A42: 7 | B42: BULLDOZER | C42: Bulldozer Komatsu D85ESS-2 | D42: United Tractors | E42: J21020 | F42: 2024 | G42: FALSE | H42: FALSE | I42: FALSE | J42: FALSE | K42: FALSE | L42: FALSE | M42: FALSE
A43: 8 | B43: BULLDOZER | C43: Bulldozer Komatsu D85ESS-2 | D43: United Tractors | E43: J18025 | F43: 2023 | G43: FALSE | H43: FALSE | I43: FALSE | J43: FALSE | K43: FALSE | L43: FALSE | M43: FALSE
A44: 9 | B44: BULLDOZER | C44: Bulldozer Zoomlion ZD170G | D44: Total Crane | E44: ZLHD116HR1B05388 | F44: 2025 | G44: FALSE | H44: FALSE | I44: FALSE | J44: FALSE | K44: FALSE | L44: FALSE | M44: FALSE
A45: 10 | B45: BULLDOZER | C45: Bulldozer Shantui SD16E | D45: San Traktor | E45: CHSD16AEKR1054524 | F45: 2025 | G45: FALSE | H45: FALSE | I45: FALSE | J45: FALSE | K45: FALSE | L45: FALSE | M45: FALSE
A46: 11 | B46: BULLDOZER | C46: Bulldozer Shantui SD17-B3XL | D46: San Traktor | E46: CHSDA17AKSB054708 | F46: 2026 | G46: FALSE | H46: FALSE | I46: FALSE | J46: FALSE | K46: FALSE | L46: FALSE | M46: FALSE
A47: 12 | B47: BULLDOZER | C47: Bulldozer Shantui SD17-B3XL | D47: San Traktor | E47: CHSDA17AHSB054717 | F47: 2026 | G47: FALSE | H47: FALSE | I47: FALSE | J47: FALSE | K47: FALSE | L47: FALSE | M47: FALSE
A48: 13 | C48: LIUGONG B230 | E48: LGCB230ZT0C011080 | F48: 2023 | G48: FALSE | H48: FALSE | I48: FALSE | J48: FALSE | K48: FALSE | L48: FALSE | M48: FALSE
A49: D | C49: EXCAVATOR
A50: 1 | B50: EXCAVATOR | C50: Excavator PC 210-10M0/P1 | D50: United Tractors | E50: C01531 | F50: 2020 | G50: FALSE | H50: FALSE | I50: FALSE | J50: FALSE | K50: FALSE | L50: FALSE | M50: FALSE
A51: 2 | B51: EXCAVATOR | C51: Excavator PC 210-10M0/P1 | D51: United Tractors | E51: C01530 | F51: 2020 | G51: FALSE | H51: FALSE | I51: FALSE | J51: FALSE | K51: FALSE | L51: FALSE | M51: FALSE
A52: 3 | B52: EXCAVATOR | C52: Excavator Caterpillar 320D S/N | D52: Trakindo | E52: BZP03563 | F52: 2012 | G52: FALSE | H52: FALSE | I52: FALSE | J52: FALSE | K52: FALSE | L52: FALSE | M52: FALSE
A53: 4 | B53: EXCAVATOR | C53: Excavator CAT 320 GX new | D53: Trakindo | E53: SYW01364 | F53: 2022 | G53: FALSE | H53: FALSE | I53: FALSE | J53: FALSE | K53: FALSE | L53: FALSE | M53: FALSE
A54: 5 | B54: EXCAVATOR | C54: Excavator Komatsu PC 200-10 MOCE | D54: United Tractors | E54: DBCHO302 | F54: 2022 | G54: FALSE | H54: FALSE | I54: FALSE | J54: FALSE | K54: FALSE | L54: FALSE | M54: FALSE
A55: 6 | B55: EXCAVATOR | C55: Excavator Caterpillar 320 GC | D55: Trakindo | E55: DKJ40199 | F55: 2022 | G55: FALSE | H55: FALSE | I55: FALSE | J55: FALSE | K55: FALSE | L55: FALSE | M55: FALSE
A56: 7 | B56: EXCAVATOR | C56: Excavator Caterpillar 320 GC | D56: Trakindo | E56: DKJ40200 | F56: 2022 | G56: FALSE | H56: FALSE | I56: FALSE | J56: FALSE | K56: FALSE | L56: FALSE | M56: FALSE
A57: 8 | B57: EXCAVATOR | C57: Excavator Komatsu PC 200-10 MOCE | D57: United Tractors | E57: DBCHO380 | F57: 2022 | G57: FALSE | H57: FALSE | I57: FALSE | J57: FALSE | K57: FALSE | L57: FALSE | M57: FALSE
A58: 9 | B58: EXCAVATOR | C58: Excavator Komatsu PC 200-10 MOCE | D58: United Tractors | E58: DBCH0366 | F58: 2022 | G58: FALSE | H58: FALSE | I58: FALSE | J58: FALSE | K58: FALSE | L58: FALSE | M58: FALSE
A59: 10 | B59: EXCAVATOR | C59: Excavator Caterpillar 320 GC | D59: Trakindo | E59: DKJ40263 | F59: 2022 | G59: FALSE | H59: FALSE | I59: FALSE | J59: FALSE | K59: FALSE | L59: FALSE | M59: FALSE
A60: 11 | B60: EXCAVATOR | C60: Excavator Caterpillar 320 GC | D60: Trakindo | E60: DKJ40294 | F60: 2022 | G60: FALSE | H60: FALSE | I60: FALSE | J60: FALSE | K60: FALSE | L60: FALSE | M60: FALSE
A61: 12 | B61: EXCAVATOR | C61: Excavator Caterpillar 305.5E2 | D61: Trakindo | E61: WE217079 | F61: 2023 | G61: FALSE | H61: FALSE | I61: FALSE | J61: FALSE | K61: FALSE | L61: FALSE | M61: FALSE
... A75: 26 | B75: EXCAVATOR | C75: Excavator PC 200-10 MO | D75: United Tractors | E75: DBCH0947 | F75: 2026 | G75: FALSE | H75: FALSE | I75: FALSE | J75: FALSE | K75: FALSE | L75: FALSE | M75: FALSE
A76: E | C76: BACKHOE LOADER
A77: 1 | B77: BACKHOE LOADER | C77: Backhoe Loader JCB3CX | D77: Persada JCB | E77: HAR3CXPMTR3463439 | F77: 2025 | G77: FALSE | H77: FALSE | I77: FALSE | J77: FALSE | K77: FALSE | L77: FALSE | M77: FALSE
A78: F | C78: WHEEL LOADER
A79: 1 | B79: WHEEL LOADER | C79: Wheel Loader Caterpillar 950 GC | D79: Trakindo | E79: M5K08000 | F79: 2025 | G79: FALSE | H79: FALSE | I79: FALSE | J79: FALSE | K79: FALSE | L79: FALSE | M79: FALSE
A80: 2 | B80: WHEEL LOADER | C80: Wheel Loader SEM 655D (Pallet Fork) | D80: Tri Swardana Utama | E80: S5512759 | F80: 2025 | G80: FALSE | H80: FALSE | I80: FALSE | J80: FALSE | K80: FALSE | L80: FALSE | M80: FALSE
A81: G | C81: CRAWLER CRANE
A82: 1 | B82: CRAWLER CRANE | C82: Crawler Crane Zoomlion ZCC600V | D82: Total Crane | E82: ZCC60-0199 | F82: 2024 | G82: FALSE | H82: FALSE | I82: FALSE | J82: FALSE | K82: FALSE | L82: FALSE | M82: FALSE
A83: 2 | B83: CRAWLER CRANE | C83: Crawler Crane XCMG XGC35HD | D83: Gaya Makmur Putra | E83: XUG035HDAKFC00524 | F83: 2025 | G83: FALSE | H83: FALSE | I83: FALSE | J83: FALSE | K83: FALSE | L83: FALSE | M83: FALSE
A84: H | C84: RECYCLING MACHINE
A85: 1 | B85: RECYCLING MACHINE | C85: Road Cold Recycler XCMG XLZ2303K | D85: Sacindo | E85: XUG2303KJRDQ00021 | F85: 2025 | G85: FALSE | H85: FALSE | I85: FALSE | J85: FALSE | K85: FALSE | L85: FALSE | M85: FALSE
A86: 2 | B86: RECYCLING MACHINE | C86: Road Reclaimers Caterpillar RM500B | D86: Trakindo | E86: RMZ00126 | F86: 2025 | G86: FALSE | H86: FALSE | I86: FALSE | J86: FALSE | K86: FALSE | L86: FALSE | M86: FALSE
A87: I | C87: SPREADER
A88: 1 | B88: SPREADER | C88: Powder Binder Spreader XCMG XKC185 | D88: Sacindo | E88: ZZ1257N4641W | F88: 2025 | G88: FALSE | H88: FALSE | I88: FALSE | J88: FALSE | K88: FALSE | L88: FALSE | M88: FALSE
A89: 2 | B89: SPREADER | C89: Powder Binder Spreader XCMG XKC185 | D89: Sacindo | E89: ZZ1257N647E1R | F89: 2025 | G89: FALSE | H89: FALSE | I89: FALSE | J89: FALSE | K89: FALSE | L89: FALSE | M89: FALSE
A90: J | C90: BREAKER
A91: 1 | B91: BREAKER | C91: Stone Breaker SAGA288 (2020) | E91: SAGAE320 | F91: 2020 | G91: FALSE | H91: FALSE | I91: FALSE | J91: FALSE | K91: FALSE | L91: FALSE | M91: FALSE
A92: K | C92: MEDIUM BUS
A93: 1 | B93: MEDIUM BUS | C93: MEDIUM BUS 13-24 SEATS | E93: BM7680TU | F93: 2023 | G93: FALSE | H93: FALSE | I93: FALSE | J93: FALSE | K93: FALSE | L93: FALSE | M93: FALSE
A94: No | C94: Nama Asset | E94: SN/ Pelat Kendaraan | F94: Tahun
A95: L | C95: DUMPTRUCK
A96: 1 | B96: DUMP TRUCK | C96: Dump Truck HINO RANGER-FM 260 JD | E96: DT 9884 JE / DT8126JE/BM8737DO | F96: 2017 | G96: FALSE | H96: FALSE | I96: FALSE | J96: FALSE | K96: FALSE | L96: FALSE | M96: FALSE
A97: 2 | B97: DUMP TRUCK | C97: Dump Truck HINO RANGER-FM 260 JD | E97: DT 9883 JE / DT8973IE /BM8736DO | F97: 2017 | G97: FALSE | H97: FALSE | I97: FALSE | J97: FALSE | K97: FALSE | L97: FALSE | M97: FALSE
A98: 3 | B98: DUMP TRUCK | C98: Dump Truck HINO RANGER-FM 260 JD | E98: B9115PYX / B9103ZYT | F98: 2018 | G98: FALSE | H98: FALSE | I98: FALSE | J98: FALSE | K98: FALSE | L98: FALSE | M98: FALSE
A99: 4 | B99: DUMP TRUCK | C99: Dump Truck HINO RANGER-FM 260 JD | E99: B9116PYX /B9102ZYT | F99: 2018 | G99: FALSE | H99: FALSE | I99: FALSE | J99: FALSE | K99: FALSE | L99: FALSE | M99: FALSE
A100: 5 | B100: DUMP TRUCK | C100: Dump Truck HINO RANGER-FM 260 JD | E100: B9121PYX/B9104ZYT | F100: 2018 | G100: FALSE | H100: FALSE | I100: FALSE | J100: FALSE | K100: FALSE | L100: FALSE | M100: FALSE
A101: 6 | B101: DUMP TRUCK | C101: Dump Truck HINO RANGER-FM 260 JD | E101: B9122PYX / B9105ZYT | F101: 2018 | G101: FALSE | H101: FALSE | I101: FALSE | J101: FALSE | K101: FALSE | L101: FALSE | M101: FALSE
A102: 7 | B102: DUMP TRUCK | C102: Dump Truck HINO RANGER-FM 260 JD | E102: B9701PYW | F102: 2016 | G102: FALSE | H102: FALSE | I102: FALSE | J102: FALSE | K102: FALSE | L102: FALSE | M102: FALSE
A103: 8 | B103: DUMP TRUCK | C103: Dump Truck HINO RANGER-FM 260 JD | E103: B9892PYW | F103: 2017 | G103: FALSE | H103: FALSE | I103: FALSE | J103: FALSE | K103: FALSE | L103: FALSE | M103: FALSE
A104: 9 | B104: DUMP TRUCK | C104: Dump Truck HINO RANGER-FM 260 JD | E104: B9642KYW | F104: 2018 | G104: FALSE | H104: FALSE | I104: FALSE | J104: FALSE | K104: FALSE | L104: FALSE | M104: FALSE
A105: 10 | B105: DUMP TRUCK | C105: Dump Truck HINO RANGER-FM 260 JD | E105: B9644KYW | F105: 2018 | G105: FALSE | H105: FALSE | I105: FALSE | J105: FALSE | K105: FALSE | L105: FALSE | M105: FALSE
A106: 11 | B106: DUMP TRUCK | C106: Dump Truck HINO RANGER-FM 260 JD | E106: B9683KYW | F106: 2018 | G106: FALSE | H106: FALSE | I106: FALSE | J106: FALSE | K106: FALSE | L106: FALSE | M106: FALSE
A107: 12 | B107: DUMP TRUCK | C107: Dump Truck HINO RANGER-FM 260 JD | E107: BG 8367 IJ | F107: 2018 | G107: FALSE | H107: FALSE | I107: FALSE | J107: FALSE | K107: FALSE | L107: FALSE | M107: FALSE
... A109: 14 | B109: DUMP TRUCK | C109: Dump Truck FUSO FN62F HD | E109: BG 8163 NK | F109: 2019 | G109: FALSE | H109: FALSE | I109: FALSE | J109: FALSE | K109: FALSE | L109: FALSE | M109: FALSE
A110: 15 | B110: DUMP TRUCK | C110: Dump Truck QUESTER | D110: QUESTER | E110: Z 9109 AB | F110: 2019 | G110: FALSE | H110: FALSE | I110: FALSE | J110: FALSE | K110: FALSE | L110: FALSE | M110: FALSE
A111: 16 | B111: DUMP TRUCK | C111: Dump Truck HINO RANGER-FM 280 JD | E111: B9078ZYT | F111: 2023 | G111: FALSE | H111: FALSE | I111: FALSE | J111: FALSE | K111: FALSE | L111: FALSE | M111: FALSE
A112: 17 | B112: DUMP TRUCK | C112: Dump Truck HINO RANGER-FM 280 JD | E112: B9079ZYT | F112: 2023 | G112: FALSE | H112: FALSE | I112: FALSE | J112: FALSE | K112: FALSE | L112: FALSE | M112: FALSE
A113: 18 | B113: DUMP TRUCK | C113: Dump Truck HINO RANGER-FM 280 JD | E113: B9080ZYT | F113: 2023 | G113: FALSE | H113: FALSE | I113: FALSE | J113: FALSE | K113: FALSE | L113: FALSE | M113: FALSE
A114: 19 | B114: DUMP TRUCK | C114: Dump Truck HINO RANGER-FM 280 JD | E114: B9081ZYT | F114: 2023 | G114: FALSE | H114: FALSE | I114: FALSE | J114: FALSE | K114: FALSE | L114: FALSE | M114: FALSE
A115: 20 | B115: DUMP TRUCK | C115: Dump Truck HINO RANGER-FM 280 JD | E115: B9082ZYT | F115: 2023 | G115: FALSE | H115: FALSE | I115: FALSE | J115: FALSE | K115: FALSE | L115: FALSE | M115: FALSE
A116: 21 | B116: DUMP TRUCK | C116: Dump Truck HINO RANGER-FM 280 JD | E116: B9089ZYT / BM8804DO | F116: 2023 | G116: FALSE | H116: FALSE | I116: FALSE | J116: FALSE | K116: FALSE | L116: FALSE | M116: FALSE
...

Sheet PROJECT WUR
A2: REKAP HEAVY EQUIPMENT DAN VEHICLE PT BRA PROJECT WUR
A3: No | B3: Nama Asset | C3: Tahun | D3: SN/ Plat Kendaraan | E3: Kapasitas | F3: Kode Unit | G3: Nomor Lambung Aktual | H3: Project | I3: Total Biaya
B4: DUMPTRUCK
A5: 1 | B5: Dump Truck HINO RANGER-FM 280 JD | C5: 2024 | D5: B9107ZYT | E5: 24 M3 | F5: DT 55 | G5: DT-00001 | H5: WUR EW | I5: 2317000
A6: 2 | B6: Dump Truck HINO RANGER-FM 280 JD | C6: 2024 | D6: B9110ZYT | E6: 24 M3 | F6: DT 56 | G6: DT-00002 | H6: WUR EW | I6: 1951000
A7: 3 | B7: Dump Truck HINO RANGER-FM 280 JD | C7: 2024 | D7: B9109ZYT | E7: 24 M3 | F7: DT 57 | G7: DT-00003 | H7: WUR EW | I7: 4950000
A8: 4 | B8: Dump Truck HINO RANGER-FM 280 JD | C8: 2024 | D8: B9112ZYT | E8: 24 M3 | F8: DT 58 | G8: DT-00004 | H8: WUR EW | I8: 342000
A9: 5 | B9: Dump Truck HINO RANGER-FM 280 JD | C9: 2024 | D9: B9113ZYT | E9: 24 M3 | F9: DT 59 | G9: DT-00005 | H9: WUR EW | I9: 9823000
A10: 6 | B10: Dump Truck HINO RANGER-FM 280 JD | C10: 2024 | D10: B9118ZYT | E10: 24 M3 | F10: DT 60 | G10: DT-00006 | H10: WUR EW | I10: 10508000
A11: 7 | B11: Dump Truck HINO RANGER-FM 280 JD | C11: 2024 | D11: B9114ZYT | E11: 24 M3 | F11: DT 61 | G11: DT-00007 | H11: WUR EW | I11: 178000
A12: 8 | B12: Dump Truck HINO RANGER-FM 280 JD | C12: 2024 | D12: B9115ZYT | E12: 24 M3 | F12: DT 62 | G12: DT-00008 | H12: WUR EW | I12: 9077000
A13: 9 | B13: Dump Truck HINO RANGER-FM 280 JD | C13: 2024 | D13: B9116ZYT | E13: 24 M3 | F13: DT 63 | G13: DT-00009 | H13: WUR EW | I13: 1020000
A14: 10 | B14: Dump Truck HINO RANGER-FM 280 JD | C14: 2024 | D14: B9117ZYT | E14: 24 M3 | F14: DT 64 | G14: DT-00010 | H14: WUR EW | I14: 5630000
A15: 11 | B15: Dump Truck HINO RANGER-FM 280 JD | C15: 2024 | D15: B9120ZYT | E15: 24 M3 | F15: DT 65 | G15: DT-00011 | H15: WUR EW | I15: 1633000
A16: 12 | B16: Dump Truck HINO RANGER-FM 280 JD | C16: 2024 | D16: B9121ZYT | E16: 24 M3 | F16: DT 66 | G16: DT-00012 | H16: WUR EW | I16: 1537000
... A59: 55 | B59: Dump Truck HINO RANGER-FM 260 JD | C59: 2017 | D59: B9892PYW | E59: 24 M3 | F59: DT 15 | G59: DT-00056 | H59: WUR EW | I59: 165292139
B60: ALAT BERAT
A61: 1 | B61: Bomag Smooth Drum Compactor BW211D-40 | C61: 2020 | D61: 961582391036 | E61: 138 HP / 103 kW | F61: SD 02 | G61: SD-00001 | H61: WUR EW | I61: 15347150
A62: 2 | B62: Bomag Smooth Drum Compactor BW211D-40 | C62: 2022 | D62: 961884301945 | E62: 138 HP / 103 kW | F62: SD 05 | G62: SD-00004 | H62: WUR EW | I62: 10322400
A63: 3 | B63: Bomag Pad Foot Compactor BW211D-40 | C63: 2022 | D63: 961884301614 | E63: 138 HP / 103 kW | F63: PF 02 | G63: PF-00004 | H63: WUR EW | I63: 2160000
A64: 4 | B64: Bomag Pad Foot Compactor BW211D-40SL (WITH SOIL) | C64: 2024 | D64: 961582391717 | E64: 138 HP / 103 kW | F64: PF 05 | G64: PF-00001 | H64: WUR EW | I64: 12003498
A65: 5 | B65: Bomag Pad Foot Compactor BW211D-40SL (WITH SOIL) | C65: 2024 | D65: 961582391718 | E65: 138 HP / 103 kW | F65: PF 06 | G65: PF-00002 | H65: WUR EW | I65: 1080000
A66: 6 | B66: Bomag Smooth Drum Compactor BW211D-40 SL | C66: 2024 | D66: 961582391716 | E66: 138 HP / 103 kW | F66: SD 10 | G66: SD-00002 | H66: WUR EW | I66: 1080000
A67: 7 | B67: Bomag Smooth Drum Compactor BW211D-40 SL | C67: 2024 | D67: 961582391661 | E67: 138 HP / 103 kW | F67: SD 09 | G67: SD-00005 | H67: WUR EW | I67: 12003498
A68: 8 | B68: MOTOR GRADER CAT 120 K | C68: 2013 | D68: SZN01229 | E68: 120 HP | F68: GR 1 | G68: MG-00005 | H68: WUR EW | I68: 203536765
A69: 9 | B69: MOTOR GRADER XCMG GR135 MAX | C69: 2024 | D69: PRDB00108 | E69: 150 HP | F69: GR5 | G69: MG-00004 | H69: WUR EW | I69: 59574562
A70: 10 | B70: Bulldozer Komatsu D85ESS-2 | C70: 2024 | D70: J21020 | E70: 215 HP | F70: Dozer 08 | G70: DZ-00001 | H70: WUR EW | I70: 4984500
A71: 11 | B71: Bulldozer Zoomlion ZD170G | C71: 2025 | D71: ZLHD116HR1B05388 | E71: 185 HP | F71: Dozer 10 | G71: DZ-00004 | H71: WUR EW | I71: 3950000
A72: 12 | B72: Bulldozer Shantui SD16E | C72: 2025 | D72: CHSD16AEKR1054524 | E72: 130 kW / 174 HP | F72: Dozer 11 | G72: DZ-00006 | H72: WUR EW | I72: 19073000
A73: 13 | B73: Excavator PC 210-10M0/P1 | C73: 2020 | D73: C01531 | E73: 165 HP / 1.2 M3 | F73: Exca 01 | G73: EXC-00008 | H73: WUR EW | I73: 149314500
A74: 14 | B74: Excavator PC 200-10 MO | C74: 2024 | D74: DBCH1801 | E74: 138 HP / 0.90 M3 | F74: Exca 22 | G74: EXC-00012 | H74: WUR EW | I74: 22116000
A75: 15 | B75: Excavator Komatsu PC 200-10 MOCE | C75: 2022 | D75: DBCHO302 | E75: 138 HP / 1.0 M3 | F75: Exca 07 | G75: EXC-00014 | H75: WUR EW | I75: 15843000
A76: 16 | B76: Excavator PC 200-10 MO | C76: 2022 | D76: C51502 | E76: 138 HP / 1.0 M3 | F76: Exca 20 | G76: EXC-00007 | H76: WUR EW | I76: 20555000
A77: 17 | B77: Excavator PC 200-10 MO | C77: 2022 | D77: DBCHO380 | E77: 138 HP / 1.0 M3 | F77: Exca 12 | H77: WUR EW | I77: 18428000
A78: 18 | B78: Excavator PC 200-10 MO | C78: 2022 | D78: C51503 | E78: 138 HP / 1.0 M3 | F78: Exca 21 | G78: EXC-00003 | H78: WUR EW | I78: 14132500
A79: 19 | B79: Excavator PC 200-10 MO | C79: 2024 | D79: DBCH2244 | E79: 138 HP / 1.0 M3 | F79: Exca 24 | G79: EXC-00001 | H79: WUR EW | I79: 265000
A80: 20 | B80: Excavator PC 200-10 MO | C80: 2024 | D80: DBCH2245 | E80: 138 HP / 1.0 M3 | F80: Exca 25 | G80: EXC-00002 | H80: WUR EW | I80: 14449000
A81: 21 | B81: Excavator PC 200-10 MO | C81: 2025 | D81: DBCH2941 | E81: 138 HP / 1.0 M3 | F81: Exca 29 | G81: EXC-00009 | H81: WUR EW | I81: 5820000
A82: 22 | B82: Excavator Komatsu PC 200-10 MOCE | C82: 2022 | D82: DBCH0366 | E82: 138 HP / 1.0 M3 | F82: Exca 13 | G82: EXC-00004 | H82: WUR EW | I82: 8170500
A83: 23 | B83: Crawler Crane XCMG XGC35HD | C83: 2025 | D83: XUG035HDAKFC00524 | E83: 35 TON | F83: CC-02 | G83: CC-00002 | H83: WUR EW | I83: 41752500
A84: 24 | B84: MEDIUM BUS 13-24 SEATS | C84: 2023 | D84: BM7680TU | E84: 13-24 SEATS | F84: MB-01 | G84: MB-00006 | H84: WUR EW | I84: 22658300
A85: 25 | B85: PRIMOVER MERCEDES-BENZ AXOR 4928 T | C85: 2019 | D85: KT 9287 KU | E85: 276 HP | F85: PM 03 | G85: PM-00002 | H85: WUR EW | I85: 228169900
A86: 26 | B86: PRIMOVER UD TRUCKS GWE 350 | C86: 2024 | D86: B9012 ZEH | E86: 350 HP | F86: PM 02 | G86: PM-00001 | H86: WUR EW | I86: 60485300
A87: 27 | B87: WATER TANK 5000L HINO 130 HD | C87: 2019 | D87: B9018 KFA | E87: 5000 L | F87: WT 02 | G87: WT-00001 | H87: WUR EW | I87: 22634000
A88: 28 | B88: FUEL TANK 8000L MISTSUBISHI CANTER FE 75 SHDN | C88: 2022 | D88: BA 9016 QU | E88: 8000 L | F88: FT 01 | G88: FT-00001 | H88: WUR EW | I88: 66268500
A89: 29 | B89: TMC HINO FM 280 JW / TADANO TM-ZT1005H | C89: 2024 | D89: B9008 ZIN / KZ1223 | E89: 10 TON | F89: TMC01 | G89: TMC-00001 | H89: WUR EW | I89: 55000845
B90: LIGHT VEHICLE | C90: TAHUN | D90: NOPOL | E90: PIC | F90: KODE | H90: LOKASI AKTUAL
A91: 1 | B91: MITSUBISHI TRITON | C91: 2024 | D91: BM8777QJ | E91: Rikson | F91: TR 4 | H91: WUR EW | I91: 1905000
A92: 2 | B92: MITSUBISHI TRITON | C92: 2024 | D92: BM8925QJ | E92: Jhon Peris | F92: TR6 | H92: WUR EW | I92: 22623000
A93: 3 | B93: MITSUBISHI TRITON | C93: 2025 | D93: BM8468 QN | E93: Harino | F93: TR9 | H93: WUR EW | I93: 300000
A94: 4 | B94: MITSUBISHI TRITON | C94: 2025 | D94: BM8469 QN | E94: Iswandi | F94: TR10 | H94: WUR EW | I94: 2340000
A95: 5 | B95: TOYOTA HILUX | C95: 2024 | D95: B9186ZBA | E95: Reki | F95: HI6 | H95: WUR EW | I95: 1800000
A96: 6 | B96: TOYOTA HILUX | C96: 2022 | D96: B9146ZBA | E96: Solihin | H96: WUR EW | I96: 3195000
A97: 7 | B97: TOYOTA HILUX | C97: 2022 | D97: B9144ZBA | E97: Boyson | H97: WUR EW | I97: 1130000
A98: 8 | B98: TOYOTA HILUX | C98: 2022 | D98: B9142ZBA | E98: Audia Ricky | H98: WUR EW | I98: 1835000
A99: 9 | B99: TOYOTA HILUX | C99: 2022 | D99: B9115ZBA | E99: Ilham Ramadhan | H99: WUR EW | I99: 5515000
A100: 10 | B100: TOYOTA HILUX | C100: 2022 | D100: B9138ZBA | E100: SATRIA | H100: WUR EW | I100: 1475000
A101: 11 | B101: AVANZA | C101: 2022 | D101: B1689ZKW | E101: ALAMSYAH | H101: WUR EW | I101: 2250000
A102: 12 | B102: TOYOTA HILUX | C102: 2022 | D102: B9147ZBA | E102: Paul Agustin | H102: WUR EW | I102: 11920000
A103: 13 | B103: TOYOTA HILUX | C103: 2022 | D103: B9129ZBA | E103: RAMHAD ADE | H103: WUR EW | I103: 5800000

Sheet UNIT STANDBY
A3: No | B3: Nama Asset | C3: Tahun Beli | D3: Tahun | E3: LOKASI | F3: STATUS | G3: Next Action | H3: Harga Jual | I3: Target Penyelesaian | J3: SN/ Plat Kendaraan | K3: Nomor Lambung Aktual
A4: 1 | B4: Bomag Smooth Drum Compactor BW211D-40 SL | D4: 2020 | E4: YARD DURI | F4: OTW DURI | G4: SEWA HKI | J4: 961582391008 | K4: VIBRO BW BRA-01
A5: 2 | B5: Bomag Smooth Drum Compactor BW211D-40SL | D5: 2021 | E5: YARD DURI | F5: OTW DURI | G5: SEWA HKI | J5: 961582391145 | K5: VIBRO BW BRA-03
A6: 3 | B6: Bomag Smooth Drum BW211D-40 | D6: 2022 | E6: YARD DURI | F6: OTW DURI | G6: SEWA HKI | J6: 961884302060 | K6: VIBRO BW BRA-06
A7: 4 | B7: Bomag Pad Foot Compactor BW211D-40 | D7: 2022 | E7: YARD DURI | F7: OTW DURI | G7: SEWA HKI | J7: 961884301016 | K7: VIBRO BW BRA-02
A8: 5 | B8: Bomag Smooth Drum Compactor BW211D-40SL | D8: 2022 | E8: YARD DURI | F8: OTW DURI | G8: SEWA HKI | J8: 961582391103 | K8: VIBRO BW BRA-07
A9: 6 | B9: Dumptruck FUSO FM 517 HS | D9: 2019 | E9: PROSES WTT | F9: OTW DURI | G9: WTT RWI | I9: 45 hari (24 April 2026) | J9: BK8119EO | K9: BRA-48
A10: 7 | B10: Dumptruck FUSO FM 517 HS | D10: 2019 | E10: PROSES WTT | F10: OTW DURI | G10: WTT RWI | I10: 45 hari (24 April 2026) | J10: BK8117EO | K10: BRA-49
A11: 8 | B11: Bomag Pad Foot Compactor BW211D-40 | D11: 2022 | E11: YARD DURI | F11: MASIH KERJA WUR | G11: BALIK KE YARD | I11: 5 MARET 2026 | J11: 961582391152 | K11: PF-00003
A12: 9 | B12: Excavator PC 210-10M0/P1 | D12: 2020 | F12: SEWA PAK KELMI | G12: SEWA | I12: 15 MARET 2026 | J12: C01531 | K12: EXC-00008
A13: 10 | B13: Excavator Caterpillar 305.5E2 | C13: 2023 | D13: 2023 | E13: YARD DURI | F13: STANDBY YARD | G13: JUAL/ SEWA | H13: 500jt | J13: WE217079
A14: 11 | B14: Excavator Caterpillar 305.5E2 | C14: 2023 | D14: 2023 | E14: YARD DURI | F14: STANDBY YARD | G14: JUAL/ SEWA | H14: 500jt | J14: WE217080
A15: 12 | B15: Dump Truck FUSO FN527ML | D15: 2016 | E15: YARD DURI | F15: PROSES PREMOBRWI | G15: PROSES PREMOBRWI | I15: 15 MARET 2026 | J15: BM8621 QU
A16: 13 | B16: Bulldozer Komatsu D85ESS-2 | C16: 2022 | D16: 2013 | E16: YARD DURI | F16: STANDBY YARD | G16: JUAL | H16: 550jt | J16: J16298
A17: 14 | B17: Bulldozer Caterpillar D6R | C17: 2022 | D17: 2011 | E17: YARD DURI | F17: STANDBY YARD | G17: JUAL | H17: 450jt | J17: S6X00348
A18: 15 | B18: Bulldozer Caterpillar D6G 2XL | D18: 2012 | E18: YARD DURI | F18: MASIH KERJA WUR | G18: BALIK KE YARD | I18: 5 MARET 2026 | J18: P6G01656 | K18: DZ-00002
A19: 16 | B19: Bulldozer Caterpillar D6G 2XL | D19: 2012 | E19: YARD DURI | F19: STANDBY YARD (Perbaikan) | J19: P6G01529 | K19: DZ-00003
A20: 17 | B20: Excavator CAT 320 GX new | D20: 2022 | E20: ROHUL | F20: SEWA PAK KELMI | G20: SEWA | I20: 15 MARET 2026 | J20: SYW01364 | K20: EXC-00005
A21: 18 | B21: Dump Truck HINO RANGER-FM 260 JD | D21: 2019 | E21: YARD DURI | J21: BG8976IX | K21: DT-00031
A22: 19 | B22: Dump Truck HINO RANGER-FM 260 JD | D22: 2019 | E22: YARD DURI | J22: BG 8535 OW | K22: DT-00032
A23: 20 | B23: Dump Truck HINO RANGER-FM 260 JD | D23: 2018 | E23: YARD DURI | J23: B9642KYW | K23: DT-00052
A24: 21 | B24: Dump Truck HINO RANGER-FM 260 JD | D24: 2018 | E24: YARD DURI | J24: B9644KYW | K24: DT-00053
A25: 22 | B25: Dump Truck HINO RANGER-FM 260 JD | D25: 2018 | E25: YARD DURI | J25: B9683KYW | K25: DT-00054
A26: 23 | B26: Dump Truck HINO RANGER-FM 260 JD | D26: 2016 | E26: YARD DURI | J26: B9701PYW | K26: DT-00055
A27: 24 | B27: Dump Truck HINO RANGER-FM 260 JD | D27: 2019 | E27: YARD DURI | J27: B9914 JYT | K27: DT-00057
A28: 25 | B28: Dump Truck HINO RANGER-FM 260 JD | D28: 2018 | E28: YARD DURI | J28: B9973 BIS / B9136PYX | K28: DT-00058
A29: 26 | B29: Dump Truck FUSO FN62F HD | D29: 2019 | E29: YARD DURI | J29: BG 8163 NK | K29: DT-00059
A30: 27 | B30: Dump Truck HINO RANGER-FM 260 JD | D30: 2019 | E30: YARD DURI | J30: BG 8230 MX | K30: DT-00060
A31: 28 | B31: Dump Truck HINO RANGER-FM 260 JD | D31: 2018 | E31: YARD DURI | J31: BG 8367 IJ | K31: DT-00061
A32: 29 | B32: Dump Truck HINO RANGER-FM 260 JD | D32: 2019 | E32: YARD DURI | J32: BG 8639 NI / XENNA 33 | K32: DT-00063
... A44: 41 | B44: Dump Truck HINO RANGER-FM 280 JD | D44: 2022 | E44: YARD DURI | J44: BM9398JO | K44: DT-04025
A45: 42 | B45: Bulldozer Caterpillar D6G | C45: 2022 | D45: 2006 | E45: YARD PRABUMULIH | F45: KERJA PRABUMULIH | G45: JUAL/ SEWA | H45: 400jt | J45: P6G00163 | K45: BRA-01
A46: 43 | B46: Bulldozer Caterpillar D7G2 | C46: 2022 | D46: 2010 | E46: YARD PRABUMULIH | F46: YARD PRABUMULIH | G46: JUAL/ SEWA | H46: 450jt-580jt | J46: 7MB05410 | K46: BRA-07
A47: 44 | B47: Excavator Caterpillar 320D S/N | C47: 2020 | D47: 2012 | E47: YARD PRABUMULIH | F47: YARD PRABUMULIH | G47: JUAL/ SEWA | H47: 385jt-650jt | J47: BZP03563 | K47: BRA-04
A48: 45 | B48: Excavator Caterpillar 320 GC | D48: 2022 | E48: YARD PRABUMULIH | F48: YARD PRABUMULIH | J48: DKJ40199 | K48: BRA-10
A49: 46 | B49: Excavator Caterpillar 320 GC | D49: 2022 | E49: YARD PRABUMULIH | F49: YARD PRABUMULIH | J49: DKJ40200 | K49: BRA-11
A50: 47 | B50: Excavator Caterpillar 320 GC | D50: 2022 | E50: YARD PRABUMULIH | F50: YARD PRABUMULIH | J50: DKJ40263 | K50: BRA-14
A51: 48 | B51: Excavator Caterpillar 320 GC | D51: 2022 | E51: YARD PRABUMULIH | F51: KERJA PRABUMULIH | G51: BALIK KE YARD PRABUMULIH | I51: 6 MARET 2026 | J51: DKJ40294 | K51: BRA-15
A52: 49 | B52: Excavator PC 210-10M0/P1 | D52: 2025 | E52: YARD PRABUMULIH | F52: KERJA PRABUMULIH | G52: BALIK KE YARD PRABUMULIH | I52: 6 MARET 2026 | J52: C00637 | K52: BRA-26
A53: 50 | B53: Dumptruck Isuzu NMR 81 | D53: 2023 | E53: YARD PRABUMULIH | F53: YARD PRABUMULIH | J53: B9097ZYT | K53: BRA-45
A54: 51 | B54: Dumptruck Isuzu NMR 81 | D54: 2023 | E54: YARD PRABUMULIH | F54: KERJA PRABUMULIH | J54: B9098ZYT | K54: BRA-46
A55: 52 | B55: Dumptruck FUSO FM 517 HS | D55: 2019 | E55: YARD PRABUMULIH | F55: KERJA PRABUMULIH | G55: BALIK KE YARD PRABUMULIH | I55: 6 MARET 2026 | J55: BK8115EO | K55: BRA-47
A56: 53 | B56: TRADO MITSUBISHI FV 419 P | D56: 2006 | E56: YARD PRABUMULIH | F56: YARD PRABUMULIH | J56: BK8143 XE | K56: SL-01
A57: 54 | B57: TRADO HINO RANGER-FM 260 JD | D57: 2012 | E57: YARD PRABUMULIH | F57: YARD PRABUMULIH | J57: DD 8319 SU | K57: SL-04
A59: DAFTAR UNIT AKAN DISEWAKAN
A60: No | B60: Nama Alat | C60: ID | D60: Tahun | E60: SN | F60: Lokasi | G60: Lama Standby (hari) | H60: Kondisi Unit : Ready / perlu service / tidak layak operasi | I60: Potensi Penempatan Proyek internal / sewa eksternal / jual / backup | J60: PIC Tindak Lanjut | K60: Target Tanggal Keputusan | L60: Tanggal mulai standby | M60: Nilai standby ( potensi kerugian) | N60: SEWA/ bulan | O60: sewa perjam (minimal 100 jam)
A61: 5 | B61: Bomag Smooth Drum BW211D-40 | C61: SD 06 | D61: 2022 | E61: 961884302060 | F61: YARD DURI | G61: =TODAY()-DATEVALUE(L61) -> #VALUE! | L61: 46068 | M61: =30000000/30*G61 -> #VALUE! | N61: 35000000 | O61: =N61/200 -> 175000
A62: 8 | B62: Bomag Pad Foot Compactor BW211D-40SL | C62: PF 03 | D62: 2022 | E62: 961582391152 | F62: YARD DURI | G62: =TODAY()-DATEVALUE(L62) -> #VALUE! | L62: 46068 | M62: =30000000/30*G62 -> #VALUE! | N62: =N61 -> 35000000 | O62: =N62/200 -> 175000
A63: 11 | B63: Bomag Smooth Drum Compactor BW211D-40SL | C63: SD 08 | D63: 2024 | E63: 961582391660 | F63: YARD DURI | G63: =TODAY()-DATEVALUE(L63) -> #VALUE! | L63: 46068 | M63: =30000000/30*G63 -> #VALUE! | N63: =N62 -> 35000000 | O63: =N63/200 -> 175000
A64: B | B64: MOTOR GRADER
A65: C | B65: BULLDOZER
A66: 1 | B66: Bulldozer Caterpillar D6G | C66: Dozer 01 | D66: 2006 | E66: P6G00163 | F66: YARD PALEMBANG | G66: =TODAY()-DATEVALUE(L66) -> #VALUE! | L66: 46068 | M66: =45000000/30*G66 -> #VALUE! | N66: 40000000 | O66: =N66/200 -> 200000
A67: 2 | B67: Bulldozer Caterpillar D6G 2XL | C67: Dozer 03 | D67: 2012 | E67: P6G01656 | F67: YARD DURI | G67: =TODAY()-DATEVALUE(L67) -> #VALUE! | L67: 46068 | M67: =45000000/30*G67 -> #VALUE! | N67: =N66 -> 40000000 | O67: =N67/200 -> 200000
A68: 6 | B68: Bulldozer Caterpillar D7G2 | C68: Dozer 07 | D68: 2010 | E68: 7MB05410 | F68: YARD PALEMBANG | G68: =TODAY()-DATEVALUE(L68) -> #VALUE! | L68: 46068 | M68: =45000000/30*G68 -> #VALUE! | N68: =N67 -> 40000000 | O68: =N68/200 -> 200000
A69: D | B69: EXCAVATOR
A70: 3 | B70: Excavator Caterpillar 320D S/N | C70: Exca 04 | D70: 2012 | E70: BZP03563 | F70: YARD PALEMBANG | G70: =TODAY()-DATEVALUE(L70) -> #VALUE! | L70: 46068 | M70: =45000000/30*G70 -> #VALUE! | N70: 36000000 | O70: =N70/200 -> 180000
A71: 4 | B71: Excavator CAT 320 GX new | C71: Exca 06 | D71: 2022 | E71: SYW01364 | F71: SUDAH DISEWA
A72: 8 | B72: Excavator Komatsu PC 200-10 MOCE | C72: Exca 12 | D72: 2022 | E72: DBCHO380 | F72: YARD DURI | G72: =TODAY()-DATEVALUE(L72) -> #VALUE! | L72: 46068 | M72: =45000000/30*G72 -> #VALUE! | N72: 40000000 | O72: =N72/200 -> 200000
A73: 12 | B73: Excavator Caterpillar 305.5E2 | C73: Exca 16 | D73: 2023 | E73: WE217079 | F73: YARD DURI | G73: =TODAY()-DATEVALUE(L73) -> #VALUE! | L73: 46068 | M73: =25000000/30*G73 -> #VALUE! | N73: 25000000 | O73: =N73/200 -> 125000
A74: 13 | B74: Excavator Caterpillar 305.5E2 | C74: Exca 17 | D74: 2023 | E74: WE217080 | F74: YARD DURI | G74: =TODAY()-DATEVALUE(L74) -> #VALUE! | L74: 46068 | M74: =25000000/30*G74 -> #VALUE! | N74: 25000000 | O74: =N74/200 -> 125000
A75: 14 | B75: Excavator Caterpillar 305.5E2 | C75: Exca 18 | D75: 2023 | E75: WE217081 | F75: YARD DURI | G75: =TODAY()-DATEVALUE(L75) -> #VALUE! | L75: 46068 | M75: =25000000/30*G75 -> #VALUE! | N75: 25000000 | O75: =N75/200 -> 125000
A76: E | B76: BACKHOE LOADER | M76: =sum(M61:M75) -> #VALUE!
A78: L | C78: DUMPTRUCK
A79: 1 | B79: Dump Truck HINO RANGER-FM 260 JD | C79: 2017 | D79: DT 01 | E79: DT 9884 JE / DT8126JE | F79: YARD DURI
A80: 2 | B80: Dump Truck HINO RANGER-FM 260 JD | C80: 2017 | D80: DT 02 | E80: DT 9883 JE / DT8973IE | F80: YARD DURI
A81: 12 | B81: Dump Truck HINO RANGER-FM 260 JD | D81: DT29 | E81: B9613TYT | F81: YARD DURI
A82: 13 | B82: Dump Truck HINO RANGER-FM 260 JD | C82: 2018 | D82: DT 30 | E82: BG 8367 IJ | F82: YARD DURI
A83: 15 | B83: Dump Truck FUSO FN62F HD | C83: 2019 | D83: DT 32 | E83: BG 8163 NK | F83: YARD DURI
A84: 16 | B84: Dump Truck QUESTER | C84: 2019 | D84: DT 33 | E84: Z 9109 AB | F84: YARD DURI
A85: 27 | B85: Dump Truck HINO RANGER-FM 260 JD | C85: 2019 | D85: IND1 | E85: DT 9782 LE/ DT 8669 KE | F85: YARD DURI
A86: 28 | B86: Dump Truck HINO RANGER-FM 260 JD | C86: 2019 | D86: IND2 | E86: BG 8230 MX | F86: YARD DURI
A87: 30 | B87: Dumptruck Isuzu NMR 81 | C87: 2023 | D87: DT 45 | E87: B9097ZYT | F87: YARD DURI
A88: 31 | B88: Dumptruck Isuzu NMR 81 | C88: 2023 | D88: DT 46 | E88: B9098ZYT | F88: YARD DURI
A89: 79 | B89: Dump Truck HINO RANGER-FM 280 JD | C89: 2022 | D89: DT 93 | E89: BM9509QO | F89: YARD DURI
A90: 90 | B90: Dump Truck HINO RANGER-FM 280 JD | C90: 2022 | D90: DT 104 | E90: BM9398JO | F90: YARD DURI
A91: M | C91: Truck Box Allumunium

Sheet Copy of List Data Aset BRA 3
A2: REKAP HEAVY EQUIPMENT DAN VEHICLE PT BINA REKAYASA ANUGRAH
A4: No | B4: Nama Asset | C4: Dealer | D4: Tahun | E4: SN/ Plat Kendaraan | F4: Status Warranty | G4: PIC | H4: Kode Unit | I4: Nomor Lambung Aktual | J4: PROJECT | K4: LOKASI
A5: 1 | B5: Bomag Smooth Drum Compactor BW211D-40SL | C5: United Tractors | D5: 2024 | E5: 961582391660 | F5: voucher parts ut | H5: SD 08 | J5: ASR | K5: YARD
A6: 2 | B6: Excavator Komatsu PC 200-10 MOCE | C6: United Tractors | D6: 2022 | E6: DBCHO380 | F6: waranty ut | H6: Exca 12 | I6: BRA-12 | J6: ASR | K6: YARD
A7: 3 | B7: Excavator Caterpillar 305.5E2 | C7: Trakindo | D7: 2023 | E7: WE217082 | F7: tidak waranty | H7: Exca 19 | I7: HE-6.003 | J7: ASR | K7: YARD
A8: 4 | B8: MITSUBISHI TRITON | D8: 2024 | E8: BM8926QJ | H8: TR7 | J8: ASR | K8: YARD
A9: 5 | B9: TOYOTA HILUX | D9: 2022 | E9: B9153ZBA | J9: ASR | K9: YARD
A10: 6 | B10: TOYOTA HILUX | D10: 2022 | E10: B9135ZBA | J10: ASR | K10: YARD
A11: 7 | B11: INOVA | D11: 2022 | E11: B1167 ZKS | G11: Sepra | H11: IN1 | J11: DURI | K11: PINJAM
A12: 8 | B12: MOTOR BEAT | D12: 2016 | H12: M1 | J12: DURI
A13: 9 | B13: MOTOR VEGA R | D13: 2018 | E13: BM2843 BA | H13: M2 | J13: DURI
A14: 10 | B14: CRF150L | D14: 2024 | E14: BM6446ABZ | H14: MC001 | J14: DURI
A15: 11 | B15: CRF150L | D15: 2024 | E15: BM6449ABZ | H15: MC004 | J15: DURI
A16: 12 | B16: CRF150L | D16: 2024 | E16: BM6452ABZ | H16: MC006 | J16: DURI
A17: 8 | B17: Wheel Loader SEM 655D (Pallet Fork) | C17: Tri Swardana Utama | D17: 2024 | E17: S5512759 | F17: Warranty - 2000 | H17: WL 02 | I17: WL-31001 | J17: MATTING BOARD | K17: YARD
A18: 9 | B18: FLATBED FUSO FN62FL | D18: 2025 | E18: BM8450NU | H18: FD-01 | I18: FBT-31003 | J18: MATTING BOARD | K18: YARD
A19: 10 | B19: FLATBED FUSO FN62FL | D19: 2025 | E19: BM8451NU | H19: FD-02 | I19: FBT-31004 | J19: MATTING BOARD | K19: YARD
A20: 11 | B20: FLATBED FUSO FN62FL | D20: 2025 | E20: BM8534NU | H20: FD-03 | I20: FBT-31006 | J20: MATTING BOARD | K20: YARD
A21: 12 | B21: FLATBED FUSO FN62FL | D21: 2025 | E21: BM8532NU | H21: ASET TWS | I21: FBT-31005 | J21: MATTING BOARD | K21: YARD
A22: 13 | B22: FLATBED | D22: 2025 | E22: BM8442NU | H22: ASET TWS | I22: FBT-31001 | J22: MATTING BOARD | K22: YARD
A23: 14 | B23: FLATBED | D23: 2025 | E23: BM8443NU | H23: ASET TWS | I23: FBT-31002 | J23: MATTING BOARD | K23: YARD
A24: 15 | B24: TMC FUSO FN62FL / TADANO TM-ZT1005H | D24: 2025 | E24: BM8449NU / KZ1263 | H24: TMC02 | I24: TMC-31003 | J24: MATTING BOARD | K24: YARD
A25: 16 | B25: TMC FUSO FN62FL / TADANO TM-ZT1005H | D25: 2025 | E25: BM8452NU / KZ1255 | H25: TMC03 | I25: TMC-31004 | J25: MATTING BOARD | K25: YARD
A26: 17 | B26: TMC FUSO FN62FL / TADANO TM-ZT1005H | D26: 2025 | E26: BM8533NU | H26: TMC04 | I26: TMC-31006 | J26: MATTING BOARD | K26: YARD
A27: 18 | B27: TMC FUSO FN62FL / TADANO TM-ZT1005H | D27: 2025 | E27: BM8531NU | H27: ASET TWS | I27: TMC-31005 | J27: MATTING BOARD | K27: YARD
A28: 19 | B28: TMC | D28: 2025 | E28: BM8440NU | H28: ASET TWS | I28: TMC-31001 | J28: MATTING BOARD | K28: YARD
A29: 20 | B29: TMC | D29: 2025 | E29: BM8441NU | H29: ASET TWS | I29: TMC-31002 | J29: MATTING BOARD | K29: YARD
A30: 21 | B30: TOYOTA HILUX | D30: 2025 | E30: B9225 ZBA | G30: Affan | J30: MATTING BOARD | K30: YARD
A31: 22 | B31: TOYOTA HILUX | D31: 2025 | E31: B9227 ZBA | G31: Fathur | J31: MATTING BOARD | K31: PINJAM
A32: 23 | B32: TOYOTA HILUX | D32: 2025 | E32: B9725UBE | G32: Boby Eko | J32: MATTING BOARD | K32: PINJAM
A33: 24 | B33: TOYOTA HILUX | D33: 2025 | E33: B9688UBE | J33: MATTING BOARD | K33: YARD
A34: 25 | B34: AVANZA | D34: 2022 | E34: B1691ZKW | G34: Guswan Arizal | H34: AV 3 | J34: OPS EQUIPMENT | K34: PINJAM
A35: 26 | B35: MITSUBISHI TRITON | D35: 2018 | E35: BM9834 DK | G35: Dany Agung | H35: TR 1 | J35: OPS EQUIPMENT | K35: KANTOR PKU
A36: 27 | B36: SUZUKI /NEW CARRY PU FD AC PS | D36: 2022 | E36: BK8722 FE | G36: Mekanik | H36: P1 | J36: OPS EQUIPMENT | K36: YARD
A37: 28 | B37: PICK UP KIJANG | D37: 2006 | E37: B9790 JY | G37: Mekanik | H37: P2 | J37: OPS EQUIPMENT | K37: YARD
A38: 29 | B38: MITSUBISHI TRITON | D38: 2024 | E38: BM8430QK | G38: fajar | H38: TR11 | J38: OPS EQUIPMENT | K38: YARD
A39: 30 | B39: AVANZA | D39: 2022 | E39: B1693ZKW | G39: ops Office Duri | H39: AV 1 | J39: OPS OFFICE DURI | K39: KANTOR PKU
A40: 31 | B40: AVANZA | D40: 2022 | E40: B1695ZKW | G40: Ilham Syadikin | H40: AV 2 | J40: OPS OFFICE DURI | K40: PINJAM
A41: 32 | B41: Dump Truck FUSO FN527ML | D41: 2016 | E41: BM8621 QU | H41: DT 108 | J41: PROSES PREMOB | K41: YARD
A42: 33 | B42: CAT Smoothdrum CS10GC | C42: Trakindo | D42: 2022 | E42: T8F00361 | F42: tidak waranty | H42: PF 04 | I42: SD-41002 | J42: RWI | K42: YARD
A43: 34 | B43: SAKAI Sheep Foot Compactor SV700TF | C43: Star Wagon | D43: 2025 | E43: VSV19T-10259 | F43: Warranty 2000 | H43: PF07 | I43: PF-41001 | J43: RWI | K43: YARD
A44: 35 | B44: Sheep Foot XCMG XS250PD | C44: Sacindo | D44: 2026 | E44: XUG02051KSJE02502 | H44: PF08 | I44: PF-41002 | J44: RWI | K44: YARD
A45: 36 | B45: Sheep Foot XCMG X113E PD | C45: Sacindo | D45: 2026 | E45: XUG01131PSJE06060 | H45: PF09 | I45: SD-41003 | J45: RWI | K45: BENAR
A46: 37 | B46: MOTOR GRADER KOMATSU GD535-5 | D46: 2019 | E46: 1372 | F46: tidak waranty | H46: GR3 | I46: MG-41002 | J46: RWI | K46: BENAR
A47: 38 | B47: Road Cold Recycler XCMG XLZ2303K | C47: Sacindo | D47: 2025 | E47: XUG2303KJRDQ00021 | H47: RM-01 | I47: RM-41001 | J47: RWI | K47: YARD
A48: 39 | B48: Road Reclaimers Caterpillar RM500B | C48: Trakindo | D48: 2025 | E48: RMZ00126 | F48: Warranty - 6000 | H48: RM-02 | I48: RM-41002 | J48: RWI | K48: YARD
A49: 40 | B49: Powder Binder Spreader XCMG XKC185 | C49: Sacindo | D49: 2025 | E49: ZZ1257N4641W | F49: waranty | H49: CS-01 | I49: CS-41001 | J49: RWI | K49: YARD
A50: 41 | B50: Powder Binder Spreader XCMG XKC185 | C50: Sacindo | D50: 2025 | E50: ZZ1257N647E1R | F50: waranty | H50: CS-02 | I50: CS-41002 | J50: RWI | K50: YARD
A51: 42 | B51: Dump Truck HINO RANGER-FM 280 JD | D51: 2022 | E51: BM9289JO | H51: DT 95 | I51: DT-41004 | J51: RWI | K51: YARD
A52: 43 | B52: Dump Truck HINO RANGER-FM 280 JD | D52: 2022 | E52: BM9291JO | H52: DT 99 | I52: DT-41001 | J52: RWI | K52: YARD
A53: 44 | B53: Dump Truck HINO RANGER-FM 280 JD | D53: 2022 | E53: BM9503QO | H53: DT 102 | I53: DT-41002 | J53: RWI | K53: YARD
A54: 45 | B54: Dump Truck HINO RANGER-FM 280 JD | D54: 2022 | E54: BM9678JO | H54: DT 105 | I54: DT-41005 | J54: RWI | K54: YARD
A55: 46 | B55: Dump Truck HINO RANGER-FM 280 JD | D55: 2022 | E55: BM9956JO | H55: DT 106 | I55: DT-41003 | J55: RWI | K55: YARD
A56: 47 | B56: Dumptruck Isuzu NMR 81 | D56: 2023 | E56: B9096ZYT | H56: DT 44 | I56: ML-41001 | J56: RWI | K56: YARD
A57: 48 | B57: PRIMOVER HINO FM 350 T/H | D57: 2019 | E57: BM8371 CU | H57: PM 03 | I57: PM-41001 | J57: RWI | K57: YARD
A58: 49 | B58: Watertank FUSO FM 517 HS | D58: 2019 | E58: BK8121EO | H58: DT 50 | I58: BRA-50 | J58: RWI | K58: YARD
A59: 50 | B59: MITSUBISHI TRITON | D59: 2024 | E59: BM8429QK | G59: Roni (Qc) | J59: RWI
A60: 51 | B60: TOYOTA HILUX | D60: 2024 | E60: B9188ZBA | G60: Junika | J60: RWI | K60: PNJAM
A61: 52 | B61: TOYOTA HILUX | D61: 2022 | E61: B9114ZBA | G61: HENDRIK | J61: RWI
A62: 53 | B62: TOYOTA HILUX | D62: 2022 | E62: B9123ZBA | G62: SANTO | J62: RWI | K62: PINJAM
A63: 54 | B63: TOYOTA HILUX | D63: 2022 | E63: B9134ZBA | G63: ARI LAKSMANA | J63: RWI | K63: PINJAM
A64: 55 | B64: PICK UP SUZUKI CARRY | D64: 2022 | E64: B9305 ZAE | G64: Eryanto | H64: P4 | J64: WUR EW
A65: 56 | B65: Bomag Smooth Drum Compactor BW211D-40 | C65: United Tractors | D65: 2020 | E65: 961582391036 | F65: tidak waranty | H65: SD 02 | I65: SD-00001 | J65: WUR EW | K65: NDD
A66: 57 | B66: Bomag Smooth Drum Compactor BW211D-40 | C66: United Tractors | D66: 2022 | E66: 961884301945 | F66: Warranty - 3000 | H66: SD 05 | I66: SD-00004 | J66: WUR EW | K66: YARD
A67: 58 | B67: Bomag Pad Foot Compactor BW211D-40 | C67: United Tractors | D67: 2022 | E67: 961884301614 | F67: Warranty - 3000 | H67: PF 02 | I67: PF-00004 | J67: WUR EW | K67: NDD
A68: 59 | B68: Bomag Pad Foot Compactor BW211D-40SL (WITH SOIL) | C68: United Tractors | D68: 2024 | E68: 961582391717 | F68: voucher parts ut | H68: PF 05 | I68: PF-00001 | J68: WUR EW | K68: NDD
A69: 60 | B69: Bomag Pad Foot Compactor BW211D-40SL (WITH SOIL) | C69: United Tractors | D69: 2024 | E69: 961582391718 | F69: voucher parts ut | H69: PF 06 | I69: PF-00002 | J69: WUR EW | K69: YARD
A70: 61 | B70: Bomag Smooth Drum Compactor BW211D-40 SL | C70: United Tractors | D70: 2024 | E70: 961582391716 | F70: voucher parts ut | H70: SD 10 | I70: SD-00002 | J70: WUR EW | K70: NDD
A71: 62 | B71: MOTOR GRADER CAT 120 K | C71: Trakindo | D71: 2013 | E71: SZN01229 | F71: tidak waranty | H71: GR 1 | I71: MG-00005 | J71: WUR EW | K71: NDD
A72: 63 | B72: MOTOR GRADER XCMG GR135 MAX | C72: Gaya Makmur Putra | D72: 2024 | E72: PRDB00108 | H72: GR5 | I72: MG-00004 | J72: WUR EW | K72: NDD
A73: 64 | B73: Bulldozer Caterpillar D6G 2XL | D73: 2012 | E73: P6G01656 | F73: tidak waranty | H73: Dozer 03 | I73: DZ-00002 | J73: WUR EW | K73: YARD
A74: 65 | B74: Bulldozer Komatsu D85ESS-2 | C74: United Tractors | D74: 2024 | E74: J21020 | F74: tidak waranty | H74: Dozer 08 | I74: DZ-00001 | J74: WUR EW | K74: NDD
A75: 66 | B75: Bulldozer Zoomlion ZD170G | C75: Total Crane | D75: 2025 | E75: ZLHD116HR1B05388 | H75: Dozer 10 | I75: DZ-00004 | J75: WUR EW | K75: YARD
A76: 67 | B76: Bulldozer Shantui SD16E | C76: San Traktor | D76: 2025 | E76: CHSD16AEKR1054524 | H76: Dozer 11 | I76: DZ-00006 | J76: WUR EW | K76: NDD
A77: 68 | B77: Excavator PC 210-10M0/P1 | C77: United Tractors | D77: 2020 | E77: C01531 | F77: Warranty - 10000 | H77: Exca 01 | I77: EXC-00008 | J77: WUR EW | K77: YARD
A78: 69 | B78: Excavator Komatsu PC 200-10 MOCE | C78: United Tractors | D78: 2022 | E78: DBCHO302 | F78: Warranty - 6000 | H78: Exca 07 | I78: EXC-00014 | J78: WUR EW | K78: YARD
A79: 70 | B79: Excavator Komatsu PC 200-10 MOCE | C79: United Tractors | D79: 2022 | E79: DBCH0366 | F79: waranty ut | H79: Exca 13 | I79: EXC-00004 | J79: WUR EW | K79: YARD
A80: 71 | B80: Excavator PC 200-10 MO | C80: United Tractors | D80: 2022 | E80: C51502 | F80: Warranty - 6000 | H80: Exca 20 | I80: EXC-00007 | J80: WUR EW | K80: YARD
A81: 72 | B81: Excavator PC 200-10 MO | C81: United Tractors | D81: 2022 | E81: C51503 | F81: Warranty - 6000 | H81: Exca 21 | I81: EXC-00003 | J81: WUR EW | K81: YARD
A82: 73 | B82: Excavator PC 200-10 MO | C82: United Tractors | D82: 2024 | E82: DBCH1801 | F82: Warranty - 4000 | H82: Exca 22 | I82: EXC-00012 | J82: WUR EW | K82: YARD
A83: 74 | B83: Excavator PC 200-10 MO | C83: United Tractors | D83: 2024 | E83: DBCH2244 | F83: Warranty - 4000 | H83: Exca 24 | I83: EXC-00001 | J83: WUR EW | K83: NDD
A84: 75 | B84: Excavator PC 200-10 MO | C84: United Tractors | D84: 2024 | E84: DBCH2245 | F84: waranty ut | H84: Exca 25 | I84: EXC-00002 | J84: WUR EW | K84: YARD
A85: 76 | B85: Excavator PC 200-10 MO | C85: United Tractors | D85: 2025 | E85: DBCH2941 | F85: Warranty - 4000 | H85: Exca 29 | I85: EXC-00009 | J85: WUR EW | K85: YARD
A86: 77 | B86: PRIMOVER MERCEDES-BENZ AXOR 4928 T | D86: 2019 | E86: KT 9287 KU | H86: PM 03 | I86: PM-00002 | J86: WUR EW | K86: YARD
A87: 78 | B87: LOWBOY DIAMOND | D87: 2012 | E87: MDN51552A | H87: LB01 | I87: LB-00002 | J87: WUR EW | K87: YARD
A88: 79 | B88: PRIMOVER UD TRUCKS GWE 350 | D88: 2024 | E88: B9012 ZEH | H88: PM 02 | I88: PM-00001 | J88: WUR EW | K88: YARD
A89: 80 | B89: LOWBOY DIAMOND | D89: 2024 | E89: AC74G18040636 | H89: LB02 | I89: LB-00001 | J89: WUR EW | K89: YARD
A90: 81 | B90: WATER TANK 5000L HINO 130 HD | D90: 2019 | E90: B9018 KFA | H90: WT 02 | I90: WT-00001 | J90: WUR EW | K90: YARD
A91: 82 | B91: FUEL TANK 8000L MISTSUBISHI CANTER FE 75 SHDN | D91: 2022 | E91: BA 9016 QU | H91: FT 01 | I91: FT-00001 | J91: WUR EW | K91: YARD
A92: 83 | B92: TMC HINO FM 280 JW / TADANO TM-ZT1005H | D92: 2024 | E92: B9008 ZIN / KZ1223 | H92: TMC01 | I92: TMC-00001 | J92: WUR EW | K92: YARD
A93: 84 | B93: AVANZA | D93: 2022 | E93: B1689ZKW | G93: Rayhan | J93: WUR EW | K93: YARD
A94: 85 | B94: TOYOTA HILUX | D94: 2022 | E94: B9133ZBA | G94: Rizal | J94: WUR EW | K94: YARD
A95: 86 | B95: MITSUBISHI TRITON | D95: 2024 | E95: BM8777QJ | G95: Rikson | J95: WUR EW
A96: 87 | B96: MITSUBISHI TRITON | D96: 2024 | E96: BM8776QJ | G96: Agung | J96: WUR EW
A97: 88 | B97: MITSUBISHI TRITON | D97: 2024 | E97: BM8925QJ | G97: Jhon Peris | J97: WUR EW
A98: 89 | B98: MITSUBISHI TRITON | D98: 2025 | E98: BM8468 QN | G98: Harino | J98: WUR EW | K98: YARD
A99: 90 | B99: MITSUBISHI TRITON | D99: 2025 | E99: BM8469 QN | G99: Iswandi | J99: WUR EW | K99: YARD
A100: 91 | B100: TOYOTA HILUX | D100: 2024 | E100: B9186ZBA | G100: Reki | J100: WUR EW
A101: 92 | B101: TOYOTA HILUX | D101: 2022 | E101: B9147ZBA | G101: Mardimal | J101: WUR EW
A102: 93 | B102: TOYOTA HILUX | D102: 2022 | E102: B9146ZBA | G102: Solihin | J102: WUR EW
...

Sheet Sheet27
A2: NO | B2: KENDARAAN OPERASIONAL | C2: TAHUN | D2: PLAT | E2: PIC | F2: JABATAN | G2: PROJECT
A3: 1 | B3: NISSAN X-TRAIL | C3: 2006 | D3: BM1707 DN / BM1098 LLT | E3: PAK ZAHRIAL | F3: ORG TUA KOMISARIS | G3: PEKANBARU
A4: 2 | B4: INOVA | C4: 2022 | D4: B1167 ZKS | E4: Sepra | F4: GM | G4: DURI
A5: 3 | B5: INOVA | C5: 2021 | D5: B1869 ZKV | E5: HO | G5: HO
A6: 4 | B6: AVANZA | C6: 2022 | D6: B1693ZKW | E6: Monika | F6: CEM | G6: OPS OFFICE DURI
A7: 5 | B7: AVANZA | C7: 2022 | D7: B1695ZKW | E7: Ilham Syadikin | F7: HRD | G7: OPS OFFICE DURI
A8: 6 | B8: AVANZA | C8: 2022 | D8: B1691ZKW | E8: Guswan Arizal | F8: EQUIPMENT | G8: OPS EQUIPMENT
A9: 7 | B9: AVANZA | C9: 2022 | D9: B1689ZKW | E9: Rahmat | F9: PM | G9: SBY YARD DURI
A10: 8 | B10: MITSUBISHI TRITON | C10: 2018 | D10: BM9834 DK | E10: Dany Agung | F10: HE | G10: OPS EQUIPMENT
A11: 9 | B11: MITSUBISHI TRITON | C11: 2018 | D11: BM9833 DK | E11: Mekanik Prabumulih | F11: MEKANIK | G11: PERTAMINA EP
A12: 10 | B12: MITSUBISHI TRITON | C12: 2016 | D12: BP 8521 DJ | E12: Mekanik Prabumulih | F12: MEKANIK | G12: PERTAMINA EP
A13: 11 | B13: TOYOTA HILUX | C13: 2022 | D13: B9133ZBA | E13: Tommy | G13: WUR EW
A14: 12 | B14: MITSUBISHI TRITON | C14: 2024 | D14: BM8777QJ | E14: Rikson | G14: WUR EW
A15: 13 | B15: MITSUBISHI TRITON | C15: 2024 | D15: BM8776QJ | E15: Agung | G15: WUR EW
A16: 14 | B16: MITSUBISHI TRITON | C16: 2024 | D16: BM8925QJ | E16: Jhon Peris | G16: WUR EW
A17: 15 | B17: MITSUBISHI TRITON | C17: 2024 | D17: BM8926QJ | G17: WUR EW
A18: 16 | B18: MITSUBISHI TRITON | C18: 2024 | D18: BM8774QJ | E18: Desta | F18: PM | G18: PERTAMINA EP
A19: 17 | B19: MITSUBISHI TRITON | C19: 2024 | D19: BM8775QJ | E19: Nikson | G19: PERTAMINA EP
A20: 18 | B20: TOYOTA HILUX | C20: 2025 | D20: BG8782PS | E20: User PHR | G20: ADERA
A21: 19 | B21: TOYOTA HILUX | C21: 2025 | D21: BG8779PS | E21: User PHR | G21: ADERA
A22: 20 | B22: TOYOTA HILUX | C22: 2025 | D22: BG8776PS | E22: User PHR | G22: ADERA
A23: 21 | B23: MITSUBISHI TRITON | C23: 2025 | D23: BM8468 QN | E23: Harino | G23: WUR EW
A24: 22 | B24: MITSUBISHI TRITON | C24: 2025 | D24: BM8469 QN | E24: Iswandi | G24: WUR EW
A25: 23 | B25: SUZUKI /NEW CARRY PU FD AC PS | C25: 2022 | D25: BK8722 FE | E25: Afriyandi | F25: MEKANIK | G25: OPS EQUIPMENT
A26: 24 | B26: PICK UP KIJANG | C26: 2006 | D26: B9790 JY | E26: Mekanik | F26: MEKANIK | G26: OPS EQUIPMENT
A27: 25 | B27: ISUZU PANTHER PICKUP | C27: 2005 | D27: BK8333 BF | E27: PAK ZAHRIAL | F27: ORG TUA KOMISARIS | G27: PEKANBARU
A28: 26 | B28: PICK UP SUZUKI CARRY | C28: 2022 | D28: B9305 ZAE | E28: Eryanto | F28: PMT CEM | G28: OPS EQUIPMENT
A29: 27 | B29: MITSUBISHI TRITON | C29: 2024 | D29: BM8430QK | E29: Jhoni Septian | F29: MEKANIK | G29: OPS EQUIPMENT
A30: 28 | B30: MITSUBISHI TRITON | C30: 2024 | D30: BM8429QK | E30: Roni (Qc) | G30: WELLPAD
A31: 29 | B31: TOYOTA HILUX | C31: 2024 | D31: B9186ZBA | E31: Reki | G31: WUR EW
A32: 30 | B32: TOYOTA HILUX | C32: 2024 | D32: B9188ZBA | E32: Junika | G32: WUR EW
A33: 31 | B33: BYD | C33: 2025 | D33: B1082 ZNP | E33: KANTOR CABANG | G33: KANTOR CABANG
A34: 32 | B34: PAJERO | C34: 2025 | D34: BG 1392 PD | E34: SEWA PERTAMINA EP | G34: ADERA
A35: 33 | B35: INNOVA ZENIX | C35: 2025 | D35: B1866 ZOF | E35: HO | G35: HO
A36: 34 | B36: INNOVA ZENIX | C36: 2025 | D36: B1864 ZOF | E36: HO | G36: HO
A37: 35 | B37: TOYOTA HILUX | C37: 2022 | D37: B9147ZBA | E37: Mardimal | G37: WUR EW
A38: 36 | B38: TOYOTA HILUX | C38: 2022 | D38: B9146ZBA | E38: Solihin | G38: WUR EW
A39: 37 | B39: TOYOTA HILUX | C39: 2022 | D39: B9144ZBA | E39: Boyson | G39: WUR EW
A40: 38 | B40: TOYOTA HILUX | C40: 2022 | D40: B9142ZBA | E40: Triandi | G40: WUR EW
A41: 39 | B41: TOYOTA HILUX | C41: 2022 | D41: B9115ZBA | E41: Ilham Ramadhan | G41: WUR EW
... A43: 41 | B43: TOYOTA HILUX | C43: 2025 | D43: B9227 ZBA | E43: STANDBY | G43: WELLPAD
A44: 42 | B44: TOYOTA HILUX | C44: 2022 | D44: B9153ZBA | E44: Jhon Haris | F44: PM | G44: ASR
A45: 43 | B45: TOYOTA HILUX | C45: 2022 | D45: B9135ZBA | E45: Ranti | F45: HRD | G45: ASR
A46: 44 | B46: TOYOTA HILUX | C46: 2022 | D46: B91352ZBA | E46: PAK ZAHRIAL
A47: 45 | B47: TOYOTA HILUX | C47: 2022 | D47: B9105ZBA | E47: WIDYA APRIANI | F47: MANAGER ASET | G47: EQUIPMENT
A48: 46 | B48: TOYOTA HILUX | C48: 2022 | D48: B9129ZBA | E48: IMANSYAHNUR | G48: WUR EW
A49: 47 | B49: TOYOTA HILUX | C49: 2022 | D49: B9114ZBA | E49: HENDRIK | G49: WELLPAD
A50: 48 | B50: TOYOTA HILUX | C50: 2022 | D50: B9123ZBA | E50: ROY GANDA | G50: WELLPAD
A51: 49 | B51: TOYOTA HILUX | C51: 2022 | D51: B9134ZBA | E51: ARI LAKSMANA | G51: WELLPAD
A52: 50 | B52: TOYOTA HILUX | C52: 2022 | D52: B9138ZBA | E52: SATRIA | G52: WUR EW
A53: 51 | B53: INOVA | C53: 2022 | D53: B1095ZKX | E53: RAHMAT | G53: WUR EW
A54: 52 | B54: TOYOTA HILUX | C54: 2022 | D54: B9143 ZBA | E54: JUMARNO | G54: USER PHR
A55: 53 | B55: TOYOTA HILUX | C55: 2022 | D55: B9136 ZBA | E55: JUMARNO | G55: USER PHR
A56: 54 | B56: TOYOTA HILUX | C56: 2022 | D56: B9145 ZBA | E56: JUMARNO | G56: USER PHR
A57: 55 | B57: TOYOTA HILUX | C57: 2022 | D57: B9150 ZBA | E57: JUMARNO | G57: USER PHR
A58: 56 | B58: TOYOTA HILUX | C58: 2022 | D58: B9121ZBA | E58: PAK ZAHRIAL
A59: 57 | B59: TOYOTA HILUX | C59: 2022 | D59: B9113ZBA | E59: PAK ZAHRIAL

Sheet Aset BRA - Revised
A3: HEAVY EQUIPMENT DAN VEHICLE PT BINA REKAYASA ANUGRAH
P5: Nama Asset | Q5: Tahun | R5: SN/ Plat Kendaraan | S5: Kapasitas | T5: lokasi
B6: Year | C6: Nama Asset | D6: Tahun | E6: SN/ Plat Kendaraan | P6: VIBROROLLER
P7: 2020 | Q7: Bomag Smooth Drum Compactor BW211D-40 SL | R7: 961582391008 | S7: 138 HP / 103 kW | T7: PERTAMINA EP
P8: 2020 | Q8: Bomag Smooth Drum Compactor BW211D-40 | R8: 961582391036 | S8: 138 HP / 103 kW | T8: WUR EW
P9: 2021 | Q9: Bomag Smooth Drum Compactor BW211D-40SL | R9: 961582391145 | S9: 138 HP / 103 kW | T9: PERTAMINA EP
P10: 2022 | Q10: Bomag Smooth Drum Compactor BW211D-40 | R10: 961884301945 | S10: 138 HP / 103 kW | T10: WUR EW
P11: 2022 | Q11: Bomag Smooth Drum BW211D-40 | R11: 961884302060 | S11: 138 HP / 103 kW | T11: PERTAMINA EP
P12: 2022 | Q12: Bomag Pad Foot Compactor BW211D-40 | R12: 961884301016 | S12: 138 HP / 103 kW | T12: PERTAMINA EP
P13: 2022 | Q13: Bomag Pad Foot Compactor BW211D-40 | R13: 961884301614 | S13: 138 HP / 103 kW | T13: WUR EW
P14: 2022 | Q14: Bomag Pad Foot Compactor BW211D-40SL | R14: 961582391152 | S14: 138 HP / 103 kW | T14: WUR EW
P15: 2022 | Q15: CAT Pad Foot CS10GC | R15: T8F00361 | S15: 111 HP / 83 kW | T15: PERTAMINA EP
P16: 2022 | Q16: Bomag Smooth Drum Compactor BW211D-40SL | R16: 961582391103 | S16: 138 HP / 103 kW | T16: PERTAMINA EP
P17: 2024 | Q17: Bomag Smooth Drum Compactor BW211D-40SL | R17: 961582391660 | S17: 138 HP / 103 kW | T17: WELLPAD
P18: 2024 | Q18: Bomag Smooth Drum Compactor BW211D-40SL | R18: 961582391661 | S18: 138 HP / 103 kW | T18: PERTAMINA EP
P19: 2024 | Q19: Bomag Pad Foot Compactor BW211D-40SL (WITH SOIL) | R19: 961582391717 | S19: 138 HP / 103 kW | T19: WUR EW
P20: 2024 | Q20: Bomag Pad Foot Compactor BW211D-40SL (WITH SOIL) | R20: 961582391718 | S20: 138 HP / 103 kW | T20: WUR EW
P21: 2024 | Q21: Bomag Smooth Drum Compactor BW211D-40 SL | R21: 961582391716 | S21: 138 HP / 103 kW | T21: WUR EW
P22: 2025 | Q22: CAT Pad Foot CS10GC | R22: T8F03605 | S22: 111 HP / 83 kW | T22: ADERA
P23: 2025 | Q23: CAT Pad Foot CS10GC | R23: T8F03606 | S23: 111 HP / 83 kW | T23: ADERA
P24: 2025 | Q24: SAKAI Sheep Foot Compactor SV700TF | R24: VSV19T-10259 | S24: 18 TON / 166 HP / 124 kW | T24: WELLPAD
P25: Nama Asset | Q25: Tahun | R25: SN/ Plat Kendaraan | S25: Kapasitas
P26: MOTOR GRADER
O27: 1 | P27: 2019 | Q27: MOTOR GRADER CAT 120 K | R27: SZN01229 | S27: 120 HP | T27: WUR EW
O28: 1 | P28: 2024 | Q28: MOTOR GRADER KOMATSU GD535-5 | R28: 2066 | S28: 145 HP | T28: ADERA
O29: 1 | P29: 2019 | Q29: MOTOR GRADER KOMATSU GD535-5 | R29: 1372 | S29: 145 HP | T29: PERTAMINA EP
O30: 1 | P30: 2025 | Q30: MOTOR GRADER KOMATSU GD535-5 | R30: 2259 | S30: 145 HP | T30: ADERA
O31: 1 | P31: 2024 | Q31: MOTOR GRADER XCMG GR135 MAX | R31: PRDB00108 | S31: 150 HP | T31: WUR EW
O32: 1 | P32: BULLDOZER
O33: 1 | P33: 2019 | Q33: Bulldozer Caterpillar D6G | R33: P6G00163 | S33: 160 HP
O34: 1 | P34: 2019 | Q34: Bulldozer Caterpillar D6G 2XL | R34: P6G01656 | S34: 160 HP
O35: 1 | P35: 2020 | Q35: Bulldozer Komatsu D85ESS-2 | R35: J16298 | S35: 215 HP
O36: 1 | P36: 2019 | Q36: Bulldozer Caterpillar D6R | R36: S6X00348 | S36: 200 HP
O37: 1 | P37: 2019 | Q37: Bulldozer Caterpillar D6G 2XL | R37: P6G01529 | S37: 160 HP
O38: 1 | P38: 2019 | Q38: Bulldozer Caterpillar D7G2 | R38: 7MB05410 | S38: 200 HP
O39: 1 | P39: 2024 | Q39: Bulldozer Komatsu D85ESS-2 | R39: J21020 | S39: 215 HP
O40: 1 | P40: 2023 | Q40: Bulldozer Komatsu D85ESS-2 | R40: J18025 | S40: 215 HP
O41: 1 | P41: 2025 | Q41: Bulldozer Zoomlion ZD170G | R41: ZLHD116HR1B05388 | S41: 185 HP
O42: 1 | P42: 2025 | Q42: Bulldozer Shantui SD16E | R42: CHSD16AEKR1054524 | S42: 130 kW / 174 HP
O43: 1 | P43: EXCAVATOR
O44: 1 | P44: 2020 | Q44: Excavator PC 210-10M0/P1 | R44: C01531 | S44: 165 HP / 1.2 M3
O45: 1 | P45: 2020 | Q45: Excavator PC 210-10M0/P1 | R45: C01530 | S45: 165 HP / 1.2 M3
P46: Nama Asset | Q46: Tahun | R46: SN/ Plat Kendaraan | S46: Kapasitas
P47: EXCAVATOR
O48: 1 | P48: 2019 | Q48: Excavator Caterpillar 320D S/N | R48: BZP03563 | S48: 140 HP / 1.19 M3
O49: 1 | P49: 2022 | Q49: Excavator CAT 320 GX new | R49: SYW01364 | S49: 138 HP / 0.90 M3
O50: 1 | P50: 2022 | Q50: Excavator Komatsu PC 200-10 MOCE | R50: DBCHO302 | S50: 138 HP / 1.0 M3
O51: 1 | P51: 2022 | Q51: Excavator Caterpillar 320 GC | R51: DKJ40199 | S51: 143 HP / 1.0 M3
O52: 1 | P52: 2022 | Q52: Excavator Caterpillar 320 GC | R52: DKJ40200 | S52: 143 HP / 1.0 M3
O53: 1 | P53: 2022 | Q53: Excavator Komatsu PC 200-10 MOCE | R53: DBCHO380 | S53: 138 HP / 1.0 M3
O54: 1 | P54: 2022 | Q54: Excavator Komatsu PC 200-10 MOCE | R54: DBCH0366 | S54: 138 HP / 1.0 M3
O55: 1 | P55: 2022 | Q55: Excavator Caterpillar 320 GC | R55: DKJ40263 | S55: 143 HP / 1.0 M3
O56: 1 | P56: 2022 | Q56: Excavator Caterpillar 320 GC | R56: DKJ40294 | S56: 143 HP / 1.0 M3
O57: 1 | P57: 2023 | Q57: Excavator Caterpillar 305.5E2 | R57: WE217079 | S57: 41 HP / 0.22 M3
O58: 1 | P58: 2023 | Q58: Excavator Caterpillar 305.5E2 | R58: WE217080 | S58: 41 HP / 0.22 M3
O59: 1 | P59: 2023 | Q59: Excavator Caterpillar 305.5E2 | R59: WE217081 | S59: 41 HP / 0.22 M3
... O66: 1 | P66: 2024 | Q66: Excavator PC 200-10 MO | R66: DBCH2245 | S66: 138 HP / 1.0 M3
P67: Nama Asset | Q67: Tahun | R67: SN/ Plat Kendaraan | S67: Kapasitas
P68: EXCAVATOR
O69: 1 | P69: 2025 | Q69: Excavator PC 210-10M0/P1 | R69: C00637 | S69: 165 HP / 1.2 M3
O70: 1 | P70: 2025 | Q70: Excavator PC 210-10M0/P1 | R70: C07004 | S70: 165 HP / 1.2 M3
O71: 1 | P71: 2025 | Q71: Excavator PC 210-10M0/P1 | R71: C07076 | S71: 165 HP / 1.2 M3
O72: 1 | P72: 2025 | Q72: Excavator PC 200-10 MO | R72: DBCH2941 | S72: 138 HP / 1.0 M3
O73: 1 | P73: BACKHOE LOADER
O74: 1 | P74: 2024 | Q74: Backhoe Loader JCB3CX | R74: HAR3CXPMTR3463439 | S74: 71 HP
O75: 1 | P75: WHEEL LOADER
O76: 1 | P76: 2025 | Q76: Wheel Loader Caterpillar 950 GC | R76: M5K08000 | S76: 202 HP
O77: 1 | P77: 2024 | Q77: Wheel Loader SEM 655D (Pallet Fork) | R77: S5512759 | S77: 162 kW / 217 HP
O78: 1 | P78: CRAWLER CRANE
O79: 1 | P79: 2025 | Q79: Road Cold Recycler XCMG XLZ2303K | R79: XUG2303KJRDQ00021 | S79: 515 kW / 690 HP
O80: 1 | P80: 2025 | Q80: Road Reclaimers Caterpillar RM500B | R80: RMZ00126 | S80: 406 kW / 544 HP
O81: 1 | P81: RECYCLING MACHINE
O82: 1 | P82: 2025 | Q82: Road Cold Recycler XCMG XLZ2303K | R82: XUG2303KJRDQ00021 | S82: 515 kW / 690 HP
O83: 1 | P83: 2025 | Q83: Road Reclaimers Caterpillar RM500B | R83: RMZ00126 | S83: 406 kW / 544 HP
O84: 1 | P84: SPREADER
O85: 1 | P85: 2025 | Q85: Powder Binder Spreader XCMG XKC185 | R85: XUG0183KKSMQ0021 | S85: 20 M3
O86: 1 | P86: 2025 | Q86: Powder Binder Spreader XCMG XKC183 | R86: XUG0182PKSMS0021 | S86: 20 M3
P87: Nama Asset | Q87: Tahun | R87: SN/ Plat Kendaraan | S87: Kapasitas
O88: 1 | P88: BREAKER
O89: 1 | P89: 2020 | Q89: Stone Breaker SAGA288 (2020) | R89: SAGAE320 | S89: 20 T
O90: 1 | P90: MEDIUM BUS
O91: 1 | P91: 2023 | Q91: MEDIUM BUS 13-24 SEATS | R91: BM7680TU | S91: 13-24 SEATS
O92: 1 | P92: DUMP TRUCK
O93: 1 | P93: 2019 | Q93: Dump Truck HINO RANGER-FM 260 JD | R93: DT 9884 JE / DT8126JE | S93: 24 M3
O94: 1 | P94: 2019 | Q94: Dump Truck HINO RANGER-FM 260 JD | R94: DT 9883 JE / DT8973IE | S94: 24 M3
O95: 1 | P95: 2019 | Q95: Dump Truck HINO RANGER-FM 260 JD | R95: B9115PYX / B9103ZYT | S95: 24 M3
O96: 1 | P96: 2019 | Q96: Dump Truck HINO RANGER-FM 260 JD | R96: B9116PYX /B9102ZYT | S96: 24 M3
O97: 1 | P97: 2019 | Q97: Dump Truck HINO RANGER-FM 260 JD | R97: B9121PYX/B9104ZYT | S97: 24 M3
O98: 1 | P98: 2019 | Q98: Dump Truck HINO RANGER-FM 260 JD | R98: B9122PYX / B9105ZYT | S98: 24 M3
O99: 1 | P99: 2019 | Q99: Dump Truck HINO RANGER-FM 260 JD | R99: B9701PYW | S99: 24 M3
O100: 1 | P100: 2019 | Q100: Dump Truck HINO RANGER-FM 260 JD | R100: B9892PYW | S100: 24 M3
O101: 1 | P101: 2019 | Q101: Dump Truck HINO RANGER-FM 260 JD | R101: B9642KYW | S101: 24 M3
O102: 1 | P102: 2019 | Q102: Dump Truck HINO RANGER-FM 260 JD | R102: B9644KYW | S102: 24 M3
O103: 1 | P103: 2019 | Q103: Dump Truck HINO RANGER-FM 260 JD | R103: B9683KYW | S103: 24 M3
O104: 1 | P104: 2019 | Q104: Dump Truck HINO RANGER-FM 260 JD | R104: B9613TYT | S104: 24 M3
... O106: 1 | P106: 2019 | Q106: Dump Truck HINO RANGER-FM 260 JD | R106: B9973 BIS / B9136PYX | S106: 24 M3
P107: Nama Asset | Q107: Tahun | R107: SN/ Plat Kendaraan | S107: Kapasitas
P108: DUMP TRUCK
O109: 1 | P109: 2019 | Q109: Dump Truck FUSO FN62F HD | R109: BG 8163 NK | S109: 24 M3
O110: 1 | P110: 2019 | Q110: Dump Truck QUESTER | R110: Z 9109 AB | S110: 24 M3
...

Sheet Sheet24
A1: LIST UNIT
A3: No | B3: Unit | C3: Tahun | D3: No Polisi
A4: 1 | B4: Dump Truck HINO RANGER-FM 260 JD | C4: 2017 | D4: DT8126JE
A5: 2 | B5: Dump Truck HINO RANGER-FM 260 JD | C5: 2017 | D5: DT8973IE
A6: 3 | B6: Dump Truck HINO RANGER-FM 260 JD | C6: 2018 | D6: B9103ZYT
A7: 4 | B7: Dump Truck HINO RANGER-FM 260 JD | C7: 2018 | D7: B9102ZYT
A8: 5 | B8: Dump Truck HINO RANGER-FM 260 JD | C8: 2018 | D8: B9104ZYT
A9: 6 | B9: Dump Truck HINO RANGER-FM 260 JD | C9: 2018 | D9: B9105ZYT
A10: 7 | B10: Dump Truck HINO RANGER-FM 260 JD | C10: 2016 | D10: B9701PYW
A11: 8 | B11: Dump Truck HINO RANGER-FM 260 JD | C11: 2017 | D11: B9892PYW
A12: 9 | B12: Dump Truck HINO RANGER-FM 260 JD | C12: 2018 | D12: B9642KYW
A13: 10 | B13: Dump Truck HINO RANGER-FM 260 JD | C13: 2018 | D13: B9644KYW
A14: 11 | B14: Dump Truck HINO RANGER-FM 260 JD | C14: 2018 | D14: B9683KYW
A15: 12 | B15: Dump Truck HINO RANGER-FM 260 JD | C15: 2018 | D15: BG 8367 IJ
... A80: 77 | B80: TOYOTA HILUX | C80: 2022 | D80: B9115ZBA
A91: No | B91: Nama Asset | C91: Tahun | D91: SN/ Plat Kendaraan | E91: Status | F91: Keterangan | G91: Sisa | H91: Sisa Bulan
A92: 1 | B92: Bomag Smooth Drum Compactor BW211D-40 SL | C92: 2020 | D92: 961582391008 | E92: YARD | F92: Lunas | G92: 0
A93: 2 | B93: Bomag Smooth Drum Compactor BW211D-40SL | C93: 2021 | D93: 961582391145 | E93: KRG-PJ1 | F93: Lunas | G93: 0
A94: 3 | B94: Bomag Smooth Drum BW211D-40 | C94: 2022 | D94: 961884302060 | E94: YARD | F94: Lunas | G94: 0
A95: 4 | B95: Bomag Pad Foot Compactor BW211D-40 | C95: 2022 | D95: 961884301016 | E95: YARD | F95: Lunas | G95: 0
A96: 5 | B96: Bomag Smooth Drum Compactor BW211D-40SL | C96: 2022 | D96: 961582391103 | E96: YARD | G96: 402174000 | H96: 18/36
A97: 6 | B97: Bomag Smooth Drum Compactor BW211D-40SL | C97: 2024 | D97: 961582391660 | E97: YARD | G97: 495054000 | H97: 18/36
A98: 7 | B98: Bulldozer Caterpillar D6G | C98: 2006 | D98: P6G00163 | E98: KRG-PJ1 | F98: Lunas | G98: 0
A99: 8 | B99: Bulldozer Caterpillar D7G2 | C99: 2010 | D99: 7MB05410 | E99: YARD | F99: Lunas | G99: 0
A100: 9 | B100: Excavator Caterpillar 320D S/N | C100: 2012 | D100: BZP03563 | E100: YARD | F100: Lunas | G100: 0
A101: 10 | B101: Excavator Caterpillar 320 GC | C101: 2022 | D101: DKJ40199 | E101: YARD | F101: Lunas | G101: 0
A102: 11 | B102: Excavator Caterpillar 320 GC | C102: 2022 | D102: DKJ40200 | E102: YARD | F102: Lunas | G102: 0
A103: 12 | B103: Excavator Komatsu PC 200-10 MOCE | C103: 2022 | D103: DBCHO380 | E103: YARD | F103: Lunas | G103: 0
A104: 13 | B104: Excavator Caterpillar 320 GC | C104: 2022 | D104: DKJ40263 | E104: YARD | F104: Lunas | G104: 0
A105: 14 | B105: Excavator Caterpillar 320 GC | C105: 2022 | D105: DKJ40294 | E105: KRG-PJ1 | F105: Lunas | G105: 0
A106: 15 | B106: Excavator PC 210-10M0/P1 | C106: 2025 | D106: C00637 | E106: KRG-PJ1 | G106: 716717781 | H106: 9/36
A107: 16 | B107: Dumptruck Isuzu NMR 81 | C107: 2023 | D107: B9097ZYT | E107: YARD | G107: 203826000 | H107: 22/36
A108: 17 | B108: Dumptruck Isuzu NMR 81 | C108: 2023 | D108: B9098ZYT | E108: KRG-PJ1 | G108: 203826000 | H108: 22/36
A109: 18 | B109: Dumptruck FUSO FM 517 HS | C109: 2019 | D109: BK8115EO | E109: YARD | G109: 253053500 | H109: 19/36
A110: 19 | B110: Dumptruck FUSO FM 517 HS | C110: 2019 | D110: BK8119EO | E110: YARD | G110: 253053500 | H110: 19/36
A111: 20 | B111: Dumptruck FUSO FM 517 HS | C111: 2019 | D111: BK8117EO | E111: YARD | G111: 253053500 | H111: 19/36
A112: 21 | B112: TRADO MITSUBISHI FV 419 P | C112: 2006 | D112: BK8143 XE | E112: YARD | F112: Lunas | G112: 0
A113: 22 | B113: TRADO HINO RANGER-FM 260 JD | C113: 2012 | D113: DD 8319 SU | E113: YARD | F113: Lunas | G113: 0
A114: 23 | B114: MITSUBISHI TRITON | C114: 2018 | D114: BM9833 DK | E114: YARD | F114: Lunas | G114: 0
A115: 24 | B115: MITSUBISHI TRITON | C115: 2016 | D115: BP 8521 DJ | E115: YARD | F115: Lunas | G115: 0
A116: 25 | B116: MITSUBISHI TRITON | C116: 2024 | D116: BM8774QJ | E116: YARD | G116: 216920000 | H116: 19/36
A117: 26 | B117: MITSUBISHI TRITON | C117: 2024 | D117: BM8775QJ | E117: YARD | G117: 216920000 | H117: 19/36
G118: =sum(G92:G117) -> 3214598281

Sheet ASSET DIJUAL
A1: DAFTAR ASSET PT BINA REKAYASA ANUGRAH DIJUAL
A4: No | B4: Nama Asset | C4: Tahun | D4: Tahun Beli | E4: SN/ Pelat Kendaraan | F4: Kapasitas | G4: Kode Unit | H4: Tanggal Dijual | I4: Harga Jual | J4: Nama Pembeli
B6: COMPACTOR
A7: 1 | B7: CAT Smooth Drum CS533E | C7: 2019 | D7: 2022 | E7: TJL06876 | F7: 10 Ton | G7: SD 04
A8: A | B8: BULLDOZER
A9: 1 | B9: Bulldozer Komatsu D70LE-8 | C9: 2006 | D9: 2021 | E9: J11178 | F9: 185 HP | G9: Dozer 02 | H9: 29 Januari 2024 | I9: 390000000 | J9: Dahlan Ginting
A10: B | B10: EXCAVATOR
A11: 1 | B11: Excavator Komatsu PC 200-8 M0/U | C11: 2016 | D11: 2021 | E11: C17877 | F11: 0.93 M3 | G11: Exca 03
A12: 2 | B12: Excavator Komatsu PC 75UU-3 | C12: 2015 | D12: 2021 | E12: 30164 | F12: 0.30 M3 | G12: Exca 05
A13: 3 | B13: Excavator Komatsu PC 200-8 | C13: 2017 | D13: 2022 | E13: C19371 | F13: 1.0 M3 | G13: Exca 08
A14: 4 | B14: Excavator Caterpillar 305.5E2 | C14: Trakindo | D14: 2023 | E14: WE217082 | H14: 29 Januari 2026 | J14: ALI SUMAN | L14: AKTIF | Q14: =IFERROR(IF(D14="","",YEAR(TODAY())-D14),"") -> 3 | R14: EXCAVATOR
A15: No | B15: Nama Asset | C15: Tahun | D15: Tahun Beli | E15: SN/ Pelat Kendaraan | F15: Kapasitas | G15: Kode Unit | H15: Tanggal Dijual | I15: Harga Jual | J15: Nama Pembeli | K15: NOMOR RANGKA
A17: C | B17: DUMPTRUCK
A18: 1 | B18: Dump Truck MITSUBISHI FUSO | C18: 2010 | D18: 2022 | E18: BH 8946NU | F18: 24 M3 | G18: DT 07 | H18: 45413 | I18: 216666667 | J18: Hendrik Ong Tonio (Along) | K18: MHMFN527HAK003647
A19: 2 | B19: Dump Truck MITSUBISHI FUSO | C19: 2011 | D19: 2022 | E19: BH 8095NU | F19: 24 M3 | G19: DT 08 | H19: 45413 | I19: 216666667 | J19: Hendrik Ong Tonio (Along) | K19: MHMFN527HBK005791
A20: 3 | B20: Dump Truck MITSUBISHI FUSO | C20: 2010 | D20: 2022 | E20: BM9079 TU | F20: 24 M3 | G20: DT 13 | H20: 45413 | I20: 216666667 | J20: Hendrik Ong Tonio (Along) | K20: MHMFN527HAK002904
A21: 4 | B21: Dump Truck FUSO | C21: 2012 | D21: 2022 | E21: BM9420 DU | F21: 24 M3 | G21: DT 19 | H21: 45413 | I21: 216666667 | J21: Hendrik Ong Tonio (Along) | K21: MHMFN527HBK004342
A22: 5 | B22: Dump Truck FUSO | C22: 2010 | D22: 2022 | E22: BM8432 ZU | F22: 24 M3 | G22: DT 20 | H22: 45413 | I22: 216666667 | J22: Hendrik Ong Tonio (Along)
A23: 6 | B23: Dump Truck HINO | C23: 2013 | D23: 2022 | E23: B9867 UYX | F23: 24 M3 | G23: DT 26 | H23: 45413 | I23: 216666667 | J23: Hendrik Ong Tonio (Along) | K23: MJEFM8JNKDJM37865
A24: 7 | B24: Dump Truck HINO | C24: 2013 | D24: 2022 | E24: B9167 UYY | F24: 24 M3
A25: 8 | B25: Dump Truck HINO | C25: 2012 | D25: 2022 | E25: B9313 UYW | F25: 24 M3
A26: 9 | B26: Dump Truck HINO | C26: 2013 | D26: 2022 | E26: B9166 UYY | F26: 24 M3
A27: 10 | B27: Dump Truck HINO | C27: 2013 | D27: 2022 | E27: B9167 UYY | F27: 24 M3
A28: 11 | B28: Dump Truck MITSUBISHI/FN 527 ML | C28: 2010 | D28: 2022 | E28: E 9216 HC | F28: 24 M3
A29: 12 | B29: Dump Truck HINO RANGER-FM 260 JD | C29: 2012 | D29: 2022 | E29: DD8273SU | F29: 24 M3 | G29: DT 24 | H29: 29/08/2025 | I29: 250000000 | J29: Kelmi
A30: 13 | B30: Dump Truck HINO RANGER-FM 260 JD | C30: 2010 | D30: 2021 | E30: BM9239 JU | F30: 24 M3 | G30: DT 05 | H30: 29/08/2025 | I30: 250000000 | J30: Kelmi
A31: 14 | B31: Dump Truck HINO RANGER-FM 260 JD | C31: 2010 | D31: 2021 | E31: BM9252 JU | F31: 24 M3 | G31: DT 04 | H31: 29/08/2025 | I31: 250000000 | J31: Kelmi
A32: 15 | B32: Dump Truck HINO RANGER-FM 260 JD | E32: B9613TYT | F32: 24 M3 | G32: DT29 | I32: 200000000 | J32: Kelmi | K32: YARD DURI | L32: YARD DURI | M32: STANDBY | T32: =IFERROR(IF(E32="","",YEAR(TODAY())-E32),"") | U32: DUMPTRUCK
A33: 16 | B33: Dump Truck HINO RANGER-FM 260 JD | C33: 2017 | E33: DT 9884 JE / DT8126JE/BM8737DO | F33: 24 M3 | G33: DT 01 | H33: 46290 | I33: 450000000 | J33: Kelmi
A34: 17 | B34: Dump Truck HINO RANGER-FM 260 JD | C34: 2017 | E34: DT 9883 JE / DT8973IE /BM8736DO | F34: 24 M3 | G34: DT 02 | H34: 46290 | I34: 450000000 | J34: Kelmi
A35: 18 | B35: Dump Truck HINO RANGER-FM 260 JD | C35: 2018 | E35: BG8367IJ | F35: 24 M3 | G35: DT 30 | H35: 46290 | I35: 450000000 | J35: Kelmi
A36: 19 | B36: Dump Truck HINO RANGER-FM 260 JD | C36: 2019 | E36: BG8163NK | F36: 24 M3 | G36: DT 32 | H36: 46290 | I36: 450000000 | J36: Kelmi
A37: No | B37: Nama Asset | C37: Tahun | D37: Tahun Beli | E37: SN/ Pelat Kendaraan | F37: Kapasitas | G37: Kode Unit | H37: Tanggal Dijual | I37: Harga Jual | J37: Nama Pembeli | K37: KETERANGAN
A39: D | B39: Kendaraan Operasional
A40: 1 | B40: TOYOTA HILUX | C40: 2018 | D40: 2022 | E40: BM8935 TX | H40: 19 Agst 2024 | J40: KEJATI
A41: 2 | B41: TOYOTA HILUX | C41: 2022 | D41: 2022 | E41: B9110ZBA | H41: 27/10/2025 | I41: 330000000 | J41: MUSTAFA | K41: Sudah di tf
A42: 3 | B42: TOYOTA HILUX | C42: 2022 | D42: 2022 | E42: B9141ZBA | H42: 45727 | I42: 328000000 | J42: MESLAN | K42: Sudah di tf
A43: 4 | B43: TOYOTA HILUX | C43: 2022 | D43: 2022 | E43: B9127ZBA | H43: 17/11/2025 | I43: 325000000 | J43: H. YUSMAR | K43: Sudah di tf
A44: 5 | B44: Mercy | C44: 2015 | D44: 2022 | E44: B1350 U
A45: 6 | B45: TOYOTA HILUX | C45: 2022 | D45: 2022 | E45: B9125ZBA | H45: 45700 | I45: 325000000 | J45: RONALD M NABABAN | K45: Sudah di tf
A46: 7 | B46: FORD RANGER | C46: 2015 | D46: 2022 | E46: B9031 ZWM | I46: 130000000 | J46: BURHAN BAKRI | K46: Sudah di tf
A47: 8 | B47: TOYOTA HILUX | C47: 2022 | D47: 2022 | E47: B9103ZBA | H47: 13/12/2025 | I47: 325000000 | J47: RIZA TAMAIDI | K47: Sudah di tf
A48: 9 | B48: TOYOTA HILUX | C48: 2022 | D48: 2022 | E48: B9108ZBA | H48: 13/12/2025 | I48: 325000000 | J48: MARA GUNUNG | K48: Sudah di tf
A49: 10 | B49: TOYOTA HILUX | C49: 2022 | D49: 2022 | E49: B9112ZBA | H49: 13/12/2025 | I49: 325000000 | J49: ADE NOVIA | K49: Sudah di tf
A50: 11 | B50: TOYOTA HILUX | C50: 2022 | D50: 2022 | E50: B9107ZBA | H50: 46235 | I50: 325000000 | J50: SUPRIYANTA | K50: Blm ditf
A51: 12 | B51: TOYOTA HILUX | C51: 2022 | D51: 2022 | E51: B9121ZBA | H51: 18/02/2026 | J51: KHOIRUL ASRI
A52: 13 | B52: TOYOTA HILUX | C52: 2022 | D52: 2022 | J52: BNI JKT | K52: WAITING PICKUP
A53: 14 | B53: INNOVA | C53: 2022 | E53: B1167ZKS | H53: 46286 | J53: RAYMOND
A54: E | B54: SEPEDA MOTOR
A55: 1 | B55: KLX | C55: 2009 | E55: B6291 ZNH | H55: 21/11/2025 | I55: 5000000 | J55: JUAL DIBENGKEL
B56: TOTAL UNIT TERJUAL | C56: =COUNTA(H2:H106) -> 30 | I56: =SUM(I7:I55) -> 7183000002
B66: TANAH
B67: NO SURAT TANAH | C67: QUARY | E67: ATAS NAMA | F67: LOKASI SURAT | G67: KETERANGAN
B68: 593/SKGR/20021/420 | C68: F | E68: ANDRE ANANTA PINAUNG | F68: PEKANBARU | G68: SUNGAI PINANG
B69: 593/SKGR/2021/433 | C69: B1 | E69: ANDRE ANANTA PINANUNG | F69: PEKANBARU | G69: SUNGAI PINANG
B70: 593/SKGR/2021/434 | C70: B2 | E70: ANDRE ANANTA PINANUNG | F70: PEKANBARU | G70: SUNGAI PINANG
B71: 590/119/SKGR/K/2020 | F71: TIDAK ADA LAGI DIPEKANBARU | G71: TANAH KUOK
B72: 593/SKGR/2021/171 | C72: D1 | E72: GIGIN AHMAD AFANDI | F72: DI NOTARIS
B73: 593/SKGR/2021/170 | C73: D2 | E73: GIGIN AHMAD AFANDI | F73: DINOTARIS
B74: 593/SKGR/2021/153 | C74: E | E74: GIGIN AHMAD AFANDI | F74: DINOTARIS
B75: 593/SKGR/2023/011 | E75: IRFAN RAHMAN | G75: QUARY JAWARDI
B76: 05.05.11.02.1.03844 | G76: SERTFIKAT HAK MILIK AN HASAN BASRI
B77: 593/SKGR/2020/343 | C77: BIRANDANG | E77: JEFRI NALDI

Sheet Sheet22
A2: EVALUASI UNIT DT S/D Ini
A4: NO | B4: TAHUN | C4: USIA | D4: NO POL | E4: ID PHR | F4: HM | G4: KM | H4: JENIS KERUSAKAN | X4: Jumlah hari rusak | Y4: Biaya | Z4: KETERANGAN
H5: ELECTRICAL | I5: WIRRING HARNESS | J5: SUSPENSI | K5: DIFERENSIAL | L5: TRANSMISSI | M5: ENGINE | N5: RADIATOR | O5: KIPAS RADIATOR | P5: AC | Q5: MUFLER | R5: FUEL SYSTEM | S5: BRAKE SYSTEM | T5: DINAMO CHARGE | U5: MOTOR STARTER | V5: HYDRAULIC SYSTEM | W5: jumlah kerusakan | X5: 23/03/2025-23/04/2025
A6: 1 | B6: 2011 | C6: -14 | D6: B9613 TYT | E6: DT-00051 | H6: 2 | M6: 1 | N6: 1 | W6: 5 | X6: 1 | Y6: 3830000 | Z6: Paparan konstan terhadap suhu tinggi, tekanan tinggi, getaran, dan kontak dengan cairan panas selama jangka waktu tertentu akan menyebabkan bahkan paking atau segel terbaik pun mengalami kebocoran.
A7: 3 | B7: 2011 | C7: -14 | D7: DD 8319 SU | E7: DT-00070 | H7: 1 | J7: 1 | L7: 2 | S7: 1 | U7: 1 | W7: =sum(H7:V7) -> 6 | X7: 0 | Y7: 4300000 | Z7: BEBAN ENGINE PERLU DIUPGRADE TERKAIT USIA ENGINE & WIRRING HARNESS PERLU REVISI
A8: 10 | B8: 2013 | C8: -12 | D8: DD 8273 SU | E8: DT-00069 | S8: 1 | W8: =sum(H8:V8) -> 1 | X8: 0 | Z8: Saluran oli yang menuju katup kontrol tersumbat, dan tekanan oli tidak dapat mendorong katup relai.
A9: 11 | B9: 2016 | C9: -9 | D9: B9701PYW | E9: DT-00055 | M9: 1 | W9: =sum(H9:V9) -> 1 | X9: 0 | Y9: 3440000 | Z9: PERLU SETING INTAKE VALVE
A10: 12 | B10: 2017 | C10: -8 | D10: B9892PYW | E10: DT-00056 | H10: 2 | J10: 1 | W10: =sum(H10:V10) -> 3 | X10: 12 | Y10: 4867500 | Z10: WIRING HARNDNESS PERLU DIREVISI TOTAL TERKAIT UMUR ENGINE
A11: 16 | B11: 2017 | C11: -8 | D11: DT 8126 IE | E11: DT-00071 | F11: 435,1 | G11: 10.268,8 | H11: 2 | S11: 2 | W11: =sum(H11:V11) -> 4 | X11: 8 | Y11: 3325000 | Z11: WIRING HARNDNESS PERLU DIREVISI TOTAL TERKAIT UMUR ENGINE
A12: 21 | B12: 2017 | C12: -8 | D12: DT 8669 KE | E12: DT-00072 | H12: 1 | W12: =sum(H12:V12) -> 1 | X12: 6 | Y12: 3549000 | Z12: BEBAN ENGINE PERLU DIUPGRADE TERKAIT USIA ENGINE & WIRRING HARNESS PERLU REVISI
A13: 25 | B13: 2017 | C13: -8 | D13: DT 8973 IE | E13: DT-00073 | F13: 2.291,3 | G13: 51.094,9 | H13: 1 | L13: 1 | W13: =sum(H13:V13) -> 2 | X13: 0 | Z13: SITE BERPENGARUH TERHADAP PARTS INI SAAT UNIT INI TERJEBAK DI LUMPUR ENGINE TETAP DENGAN RPM TINGGI SEMENTARA ALAT BERAT TERUS MENDORONG DAN MEMAKSA KAMPAS KOPLING TERUS BERPUTAR.
A14: 33 | B14: 2018 | C14: -7 | D14: B9642KYW | E14: DT-00052 | H14: 2 | R14: 1 | T14: 1 | U14: 1 | W14: =sum(H14:V14) -> 5 | X14: 0 | Y14: 6122910 | Z14: MASA KEMAMPUAN MOTOR DINAMO BERKURANG.WIRRING HARNESS BERMASALAH
A15: 35 | B15: 2018 | C15: -7 | D15: B9644KYW | E15: DT-00053 | H15: 3 | W15: =sum(H15:V15) -> 3 | X15: 0 | Y15: 2026000 | Z15: PERLU EVALUASI PENGGANTIAM CONECTOR SEMUA BARU SEMUA LAMPU
A16: 38 | B16: 2018 | C16: -7 | D16: B9683KYW | E16: DT-00054 | H16: 1 | R16: 1 | U16: 1 | W16: =sum(H16:V16) -> 3 | X16: 5 | Y16: 2205000 | Z16: SHORT HARNESS ( PERLU REVISI WIRING ) KONDISI INI SERING TERJADI
A17: 40 | B17: 2018 | C17: -7 | D17: B9973 BIS | E17: DT-00058 | F17: 5.235,2 | G17: 11.720,8 | L17: 2 | P17: 1 | S17: 2 | W17: =sum(H17:V17) -> 5 | X17: 8 | Y17: 550000 | Z17: KURANG PERAWATAN PADA CENTER PULLY AC
A18: 45 | B18: 2018 | C18: -7 | D18: BG 8367 IJ | E18: DT-00061 | G18: 48.361,0 | H18: 6 | N18: 1 | Q18: 2 | R18: 1 | S18: 6 | W18: =sum(H18:V18) -> 16 | X18: 3 | Y18: 1725000 | Z18: Saluran oli yang menuju katup kontrol tersumbat, dan tekanan oli tidak dapat mendorong katup relai.
A19: 1 | B19: 2019 | C19: -6 | D19: BG8535OW | E19: DT-00031 | H19: 3 | P19: 1 | R19: 1 | W19: =sum(H19:V19) -> 5 | X19: 12 | Y19: 400000 | Z19: UNIT INI SUDAH BERKALI KALI SYSTEM ELECTRICAL INI MENGALAMI MASALAH
A20: 6 | B20: 2019 | C20: -6 | D20: BG 8976 IX | E20: DT-00032 | H20: 2 | I20: 1 | N20: 1 | Q20: 1 | W20: =sum(H20:V20) -> 5 | X20: 5 | Y20: 8340000 | Z20: UNIT INI SUDAH BERKALI KALI SYSTEM ELECTRICAL INI MENGALAMI MASALAH
A21: 9 | B21: 2019 | C21: -6 | D21: BG 8638 NI | E21: DT-00062 | F21: 2.138,5 | G21: 47.039,0 | H21: 1 | N21: 1 | P21: 1 | S21: 3 | W21: 6 | X21: 1 | Y21: 4750000
A22: 13 | B22: 2019 | C22: -6 | D22: BG 8640 NI | E22: DT-00064 | G22: 52.162,0 | H22: 1 | N22: 3 | P22: 1 | S22: 1 | V22: 1 | W22: =sum(H22:V22) -> 7 | X22: 3 | Y22: 2300000 | Z22: MOTOR DINAMO AMPERE TIBA TIBA SHORT ADA INDIKASI SYSTEM GPS BEKERJA KURANG STABIL
A23: 17 | B23: 2019 | C23: -6 | D23: BG 8230 MX | E23: DT-00060 | F23: 7.902,5 | G23: 175.767,0 | H23: 1 | L23: 1 | M23: 1 | N23: 1 | P23: 1 | R23: 2 | S23: 1 | W23: =sum(H23:V23) -> 8 | X23: 3 | Y23: 23255000 | Z23: KOMPONEN TERPASANG TIDAK GENUINE PENYEBABSERING PECAH PULLEY AC & CONECTOR2 LAMPU DIJADWALKAN GANTI
A24: Rata rata kerusakan pada systeme electrical & Brake system | H24: 30 | I24: 1 | J24: 3 | K24: 1 | L24: 8 | M24: 4 | N24: 7 | O24: 0 | P24: 6 | Q24: 6 | R24: 7 | S24: 22 | T24: 1 | U24: 3 | V24: 1 | Y24: =sum(Y6:Y23) -> 74985410
A26: Note : plan unit yang akan di jual
A27: 1. Trado plat BK8143 XE
A28: 2. Triton BP 8521 DJ

Sheet Copy of List Data Aset BRA
A2: REKAP HEAVY EQUIPMENT DAN VEHICLE PT BINA REKAYASA ANUGRAH
A5: No | B5: Nama Asset | C5: Tahun | D5: SN/ Pelat Kendaraan | E5: Status Warranty | F5: Kapasitas | G5: Kode Unit | H5: Nomor Lambung Aktual | I5: Lokasi Aktual | J5: Status | K5: LOKASI INVOICE | L5: STATUS LUNAS/LEASING | M5: OPERATOR
A6: A | B6: VIBROROLLER
A7: 1 | B7: Bomag Smooth Drum Compactor BW211D-40 SL | C7: 2020 | D7: 961582391008 | E7: tidak waranty | F7: 138 HP / 103 kW | G7: SD 01 | H7: VIBRO BW BRA-01 | I7: PERTAMINA EP | J7: AKTIF | K7: PT Chandra Sakti Utama (CSUL) | L7: LUNAS | M7: RIDHO
A8: 5 | B8: Bulldozer Caterpillar D6R | C8: 2011 | D8: S6X00348 | E8: tidak waranty | F8: 200 HP | G8: Dozer 06 | H8: BRA-01 | I8: WUR EW | J8: standby | K8: PEKANBARU | L8: LUNAS | M8: ALDI YOWANDA
A9: 3 | B9: Bomag Smooth Drum Compactor BW211D-40SL | C9: 2021 | D9: 961582391145 | E9: tidak waranty | F9: 138 HP / 103 kW | G9: SD 03 | H9: VIBRO BW BRA-03 | I9: PERTAMINA EP | J9: AKTIF | K9: LEASING MTF | M9: M.YUNUS
A10: 1 | B10: Crawler Crane Zoomlion ZCC600V | C10: 2023 | D10: ZCC60-0199 | E10: waranty | F10: 60 TON | G10: CC-01 | H10: CC-00001 | I10: WUR EW | J10: AKTIF | K10: LEASING MTF
A11: 5 | B11: Bomag Smooth Drum BW211D-40 | C11: 2022 | D11: 961884302060 | E11: Warranty - 3000 | F11: 138 HP / 103 kW | G11: SD 06 | H11: VIBRO BW BRA-06 | I11: PERTAMINA EP | J11: AKTIF | K11: LEASING MTF | M11: WAREEN
A12: 6 | B12: Bomag Pad Foot Compactor BW211D-40 | C12: 2022 | D12: 961884301016 | E12: tidak waranty | F12: 138 HP / 103 kW | G12: PF 01 | H12: VIBRO BW BRA-02 | I12: PERTAMINA EP | J12: AKTIF | K12: PT Chandra Sakti Utama (CSUL) | L12: LUNAS
A13: 47 | B13: Dump Truck HINO RANGER-FM 280 JD | C13: 2024 | D13: B9107ZYT | E13: waranty hino di dealer service | F13: 24 M3 | G13: DT 55 | H13: DT-00001 | I13: WUR EW/MINAS | J13: AKTIF | K13: DURI | M13: MJEFM8JN2RJX25335
A14: 48 | B14: Dump Truck HINO RANGER-FM 280 JD | C14: 2024 | D14: B9110ZYT | E14: waranty hino di dealer service | F14: 24 M3 | G14: DT 56 | H14: DT-00002 | I14: WUR EW/MINAS | J14: AKTIF | K14: DURI | M14: MJEFM8JN2RJX25619
A15: 9 | B15: CAT Pad Foot CS10GC | C15: 2022 | D15: T8F00361 | E15: tidak waranty | F15: 111 HP / 83 kW | G15: PF 04 | H15: VIBRO CAT BRA-04 | I15: PERTAMINA EP | J15: AKTIF | K15: JAKARTA | L15: LUNAS | M15: NOVRIANSYAH
A16: 10 | B16: Bomag Smooth Drum Compactor BW211D-40SL | C16: 2022 | D16: 961582391103 | E16: tidak waranty | F16: 138 HP / 103 kW | G16: SD 07 | H16: VIBRO BW BRA-07 | I16: PERTAMINA EP | J16: AKTIF | K16: LEASING BUANA
A17: 11 | B17: Bomag Smooth Drum Compactor BW211D-40SL | C17: 2024 | D17: 961582391660 | E17: voucher parts ut | F17: 138 HP / 103 kW | G17: SD 08 | H17: VIBRO BW BRA-08 | I17: PERTAMINA EP | J17: AKTIF | K17: LEASING MTF
A18: 12 | B18: Bomag Smooth Drum Compactor BW211D-40SL | C18: 2024 | D18: 961582391661 | E18: voucher parts ut | F18: 138 HP / 103 kW | G18: SD 09 | H18: VIBRO BW BRA-09 | I18: PERTAMINA EP | J18: AKTIF | K18: LEASING MTF
A19: 49 | B19: Dump Truck HINO RANGER-FM 280 JD | C19: 2024 | D19: B9109ZYT | E19: waranty hino di dealer service | F19: 24 M3 | G19: DT 57 | H19: DT-00003 | I19: WUR EW/MINAS | J19: AKTIF | K19: DURI | M19: MJEFM8JN2RJX25622
A20: 50 | B20: Dump Truck HINO RANGER-FM 280 JD | C20: 2024 | D20: B9112ZYT | E20: waranty hino di dealer service | F20: 24 M3 | G20: DT 58 | H20: DT-00004 | I20: WUR EW/MINAS | J20: AKTIF | K20: DURI | M20: MJEFM8JN2RJX26017
A21: 51 | B21: Dump Truck HINO RANGER-FM 280 JD | C21: 2024 | D21: B9113ZYT | E21: waranty hino di dealer service | F21: 24 M3 | G21: DT 59 | H21: DT-00005 | I21: WUR EW/MINAS | J21: AKTIF | K21: DURI | M21: MJEFM8JN2RJX26020
A22: 16 | B22: CAT Pad Foot CS10GC | C22: 2025 | D22: T8F03605 | F22: 111 HP / 83 kW | G22: SD 11 | I22: ADERA | J22: AKTIF
A23: 17 | B23: CAT Pad Foot CS10GC | C23: 2025 | D23: T8F03606 | F23: 111 HP / 83 kW | G23: SD 12 | I23: ADERA | J23: AKTIF
A24: B | B24: MOTOR GRADER
A25: 52 | B25: Dump Truck HINO RANGER-FM 280 JD | C25: 2024 | D25: B9118ZYT | E25: waranty hino di dealer service | F25: 24 M3 | G25: DT 60 | H25: DT-00006 | I25: WUR EW/MINAS | J25: AKTIF | K25: DURI | M25: MJEFM8JN2RJX26024
A26: 2 | B26: MOTOR GRADER KOMATSU GD535-5 | C26: 2024 | D26: 2066 | E26: voucher parts ut | F26: 145 HP | G26: GR 2 | H26: MG-00003 | I26: ADERA | J26: AKTIF | K26: LEASING MTF | M26: RAHMAT JUNAIDI
A27: 3 | B27: MOTOR GRADER KOMATSU GD535-5 | C27: 2019 | D27: 1372 | E27: tidak waranty | F27: 145 HP | G27: GR3 | I27: PERTAMINA EP | J27: AKTIF | K27: BUANA | L27: LUNAS
A28: 4 | B28: MOTOR GRADER KOMATSU GD535-5 | C28: 2025 | D28: 2259 | F28: 145 HP | G28: GR4 | I28: ADERA | J28: AKTIF
A29: 53 | B29: Dump Truck HINO RANGER-FM 280 JD | C29: 2024 | D29: B9114ZYT | E29: waranty hino di dealer service | F29: 24 M3 | G29: DT 61 | H29: DT-00007 | I29: WUR EW/MINAS | J29: AKTIF | K29: DURI | M29: MJEFM8JN2RJX26026
A30: C | B30: BULLDOZER
A31: 1 | B31: Bulldozer Caterpillar D6G | C31: 2006 | D31: P6G00163 | E31: tidak waranty | F31: 160 HP | G31: Dozer 01 | H31: BRA-01 | I31: PERTAMINA EP | J31: AKTIF | K31: PEKANBARU | L31: LUNAS
A32: 54 | B32: Dump Truck HINO RANGER-FM 280 JD | C32: 2024 | D32: B9115ZYT | E32: waranty hino di dealer service | F32: 24 M3 | G32: DT 62 | H32: DT-00008 | I32: WUR EW/MINAS | J32: AKTIF | K32: DURI | M32: MJEFM8JN2RJX26028
A33: 55 | B33: Dump Truck HINO RANGER-FM 280 JD | C33: 2024 | D33: B9116ZYT | E33: waranty hino di dealer service | F33: 24 M3 | G33: DT 63 | H33: DT-00009 | I33: WUR EW/MINAS | J33: AKTIF | K33: DURI | M33: MJEFM8JN2RJX26031
A34: 56 | B34: Dump Truck HINO RANGER-FM 280 JD | C34: 2024 | D34: B9117ZYT | E34: waranty hino di dealer service | F34: 24 M3 | G34: DT 64 | H34: DT-00010 | I34: WUR EW/MINAS | J34: AKTIF | K34: DURI | M34: MJEFM8JN2RJX26063
A35: 57 | B35: Dump Truck HINO RANGER-FM 280 JD | C35: 2024 | D35: B9120ZYT | E35: waranty hino di dealer service | F35: 24 M3 | G35: DT 65 | H35: DT-00011 | I35: WUR EW/BDL | J35: AKTIF | K35: DURI
A36: 6 | B36: Bulldozer D7G2 | C36: 2010 | D36: 7MB05410 | E36: tidak waranty | F36: 200 HP | G36: Dozer 07 | H36: BRA-07 | I36: PERTAMINA EP | J36: AKTIF | K36: JAKARTA | L36: LUNAS | M36: FAJAR
A37: 58 | B37: Dump Truck HINO RANGER-FM 280 JD | C37: 2024 | D37: B9121ZYT | E37: waranty hino di dealer service | F37: 24 M3 | G37: DT 66 | H37: DT-00012 | I37: WUR EW/BDL | J37: AKTIF | K37: DURI
A38: 8 | B38: Bulldozer D85ESS-2 | C38: 2023 | D38: J18025 | F38: 215 HP | G38: Dozer 09 | H38: BRA-09 | I38: ADERA | J38: AKTIF
A39: 59 | B39: Dump Truck HINO RANGER-FM 280 JD | C39: 2024 | D39: B9122ZYT | E39: waranty hino di dealer service | F39: 24 M3 | G39: DT 67 | H39: DT-00013 | I39: WUR EW/BDL | J39: AKTIF | K39: DURI
A40: D | B40: EXCAVATOR
A41: 60 | B41: Dump Truck HINO RANGER-FM 280 JD | C41: 2024 | D41: B9123ZYT | E41: waranty hino di dealer service | F41: 24 M3 | G41: DT 68 | H41: DT-00014 | I41: WUR EW/BDL | J41: AKTIF | K41: DURI
A42: 2 | B42: Excavator PC 210-10M0/P1 | C42: 2020 | D42: C01530 | E42: Warranty - 10000 | F42: 165 HP / 1.2 M3 | G42: Exca 02 | H42: BRA-02 | I42: PERTAMINA EP | J42: AKTIF | K42: PT Chandra Sakti Utama (CSUL) | L42: LUNAS
A43: 3 | B43: Excavator Caterpillar 320D S/N | C43: 2012 | D43: BZP03563 | E43: tidak waranty | F43: 140 HP / 1.19 M3 | G43: Exca 04 | H43: BRA-04 | I43: PERTAMINA EP | J43: AKTIF | K43: PEKANBARU | L43: LUNAS | M43: MARDIANSYAH
A44: 61 | B44: Dump Truck HINO RANGER-FM 280 JD | C44: 2024 | D44: B9124ZYT | E44: waranty hino di dealer service | F44: 24 M3 | G44: DT 69 | H44: DT-00015 | I44: WUR EW/BDL | J44: AKTIF | K44: DURI
A45: 5 | B45: Excavator Komatsu PC 200-10 MOCE | C45: 2022 | D45: DBCHO302 | E45: Warranty - 6000 | F45: 138 HP / 1.0 M3 | G45: Exca 07 | H45: BRA-07 | I45: PERTAMINA EP | J45: AKTIF | K45: LEASING BFI | M45: FADHIL
A46: 6 | B46: Excavator Caterpillar 320 GC | C46: 2022 | D46: DKJ40199 | E46: tidak waranty | F46: 143 HP / 1.0 M3 | G46: Exca 10 | H46: BRA-10 | I46: PERTAMINA EP | J46: AKTIF | K46: LEASING CFI | M46: ROLANDIO
A47: 7 | B47: Excavator Caterpillar 320 GC | C47: 2022 | D47: DKJ40200 | E47: tidak waranty | F47: 143 HP / 1.0 M3 | G47: Exca 11 | H47: BRA-11 | I47: PERTAMINA EP | J47: AKTIF | K47: LEASING CFI | M47: BUDIMAN
A48: 8 | B48: Excavator Komatsu PC 200-10 MOCE | C48: 2022 | D48: DBCHO380 | E48: waranty ut | F48: 138 HP / 1.0 M3 | G48: Exca 12 | H48: BRA-12 | I48: PERTAMINA EP | J48: AKTIF | K48: LEASING MTF | M48: SENO BAYU AJI
A49: 62 | B49: Dump Truck HINO RANGER-FM 280 JD | C49: 2024 | D49: B9125ZYT | E49: waranty hino di dealer service | F49: 24 M3 | G49: DT 70 | H49: DT-00016 | I49: WUR EW/BDL | J49: AKTIF | K49: DURI
A50: 10 | B50: Excavator Caterpillar 320 GC | C50: 2022 | D50: DKJ40263 | E50: tidak waranty | F50: 143 HP / 1.0 M3 | G50: Exca 14 | H50: BRA-14 | I50: PERTAMINA EP | J50: AKTIF | K50: LEASING CFI | M50: FRANGKI
A51: 11 | B51: Excavator Caterpillar 320 GC | C51: 2022 | D51: DKJ40294 | E51: tidak waranty | F51: 143 HP / 1.0 M3 | G51: Exca 15 | H51: BRA-15 | I51: PERTAMINA EP | J51: AKTIF | K51: LEASING CFI | M51: MARGONO
A52: 12 | B52: Excavator Caterpillar 305.5E2 | C52: 2023 | D52: WE217079 | E52: tidak waranty | F52: 41 HP / 0.22 M3 | G52: Exca 16 | H52: BRA-16 | I52: KSO BRA-BKP | J52: AKTIF | K52: LEASING CFI
A53: 13 | B53: Excavator Caterpillar 305.5E2 | C53: 2023 | D53: WE217080 | E53: tidak waranty | F53: 41 HP / 0.22 M3 | G53: Exca 17 | H53: BRA-17 | I53: YARD DURI | J53: STANDBY | K53: LEASING CFI | M53: STANDBY
A54: 14 | B54: Excavator Caterpillar 305.5E2 | C54: 2023 | D54: WE217081 | E54: tidak waranty | F54: 41 HP / 0.22 M3 | G54: Exca 18 | H54: BRA-18 | I54: KSO BRA-BKP | J54: AKTIF | K54: LEASING MTF | M54: STANDBY
A55: 15 | B55: Excavator Caterpillar 305.5E2 | C55: 2023 | D55: WE217082 | E55: tidak waranty | F55: 41 HP / 0.22 M3 | G55: Exca 19 | H55: BRA-19 | I55: KSO BRA-BKP | J55: AKTIF | K55: LEASING MTF | M55: STANDBY
A56: 63 | B56: Dump Truck HINO RANGER-FM 280 JD | C56: 2024 | D56: B9126ZYT | E56: waranty hino di dealer service | F56: 24 M3 | G56: DT 71 | H56: DT-00017 | I56: WUR EW/BDL | J56: AKTIF | K56: DURI
A57: 64 | B57: Dump Truck HINO RANGER-FM 280 JD | C57: 2024 | D57: B9127ZYT | E57: waranty hino di dealer service | F57: 24 M3 | G57: DT 72 | H57: DT-00018 | I57: WUR EW/BDL | J57: AKTIF | K57: DURI
A58: 18 | B58: Excavator PC 200-10 MO | C58: 2024 | D58: DBCH1801 | E58: Warranty - 4000 | F58: 138 HP / 1.0 M3 | G58: Exca 22 | H58: BRA-22 | I58: PERTAMINA EP | J58: AKTIF | K58: LEASING MTF | M58: REKI
A59: 19 | B59: Excavator PC 200-10 MO | C59: 2024 | D59: DBCH1784 | E59: Warranty - 4000 | F59: 138 HP / 1.0 M3 | G59: Exca 23 | H59: BRA-23 | I59: PERTAMINA EP | J59: AKTIF | K59: LEASING MTF | M59: SUPRIONO
A60: 65 | B60: Dump Truck HINO RANGER-FM 280 JD | C60: 2024 | D60: B9128ZYT | E60: waranty hino di dealer service | F60: 24 M3 | G60: DT 73 | H60: DT-00019 | I60: WUR EW/BDL | J60: AKTIF | K60: DURI
A61: 66 | B61: Dump Truck HINO RANGER-FM 280 JD | C61: 2024 | D61: B9129ZYT | E61: waranty hino di dealer service | F61: 24 M3 | G61: DT 74 | H61: DT-00020 | I61: WUR EW/BDL | J61: AKTIF | K61: DURI
A62: 22 | B62: Excavator PC 210-10M0/P1 | C62: 2025 | D62: C00637 | E62: waranty ut | F62: 165 HP / 1.2 M3 | G62: Exca 26 | H62: BRA-26 | I62: PERTAMINA EP | J62: AKTIF
A63: 23 | B63: Excavator PC 210-10M0/P1 | C63: 2025 | D63: C07004 | E63: waranty ut | F63: 165 HP / 1.2 M3 | G63: Exca 27 | H63: BRA-27 | I63: ADERA | J63: AKTIF
A64: 24 | B64: Excavator PC 210-10M0/P1 | C64: 2025 | D64: C07076 | E64: waranty ut | F64: 165 HP / 1.2 M3 | G64: Exca 28 | H64: BRA-28 | I64: ADERA | J64: AKTIF
A65: 25 | B65: Excavator PC 200-10 MO | C65: 2025 | D65: DBCH2941 | F65: 138 HP / 1.0 M3 | G65: Exca 29 | I65: YARD DURI
B66: BACKHOE LOADER
A67: 1 | B67: Backhoe Loader JCB3CX | C67: 2024 | D67: HAR3CXPMTR3463439 | F67: 71 HP | G67: BL 01 | H67: BL-01 | I67: ADERA | J67: AKTIF
B68: WHEEL LOADER
A69: 1 | B69: Wheel Loader Caterpillar 950 GC | C69: 2025 | D69: M5K08000 | F69: 202 HP | G69: WL 01 | H69: WL-01 | I69: ADERA | J69: AKTIF
B70: CRAWLER CRANE
A71: 67 | B71: Dump Truck HINO RANGER-FM 280 JD | C71: 2024 | D71: B9130ZYT | E71: waranty hino di dealer service | F71: 24 M3 | G71: DT 75 | H71: DT-00021 | I71: WUR EW/MINAS | J71: AKTIF | K71: DURI
A72: 2 | B72: Crawler Crane XCMG XGC35HD | C72: 2025 | D72: XUG035HDAKFC00524 | E72: waranty | F72: 35 TON | G72: CC-02 | I72: YARD DURI
B73: MEDIUM BUS
A74: 68 | B74: Dump Truck HINO RANGER-FM 280 JD | C74: 2024 | D74: B9131ZYT | E74: waranty hino di dealer service | F74: 24 M3 | G74: DT 76 | H74: DT-00022 | I74: WUR EW/MINAS | J74: AKTIF | K74: DURI
A75: No | B75: Nama Asset | C75: Tahun | D75: SN/ Pelat Kendaraan | F75: Kapasitas | G75: Kode Unit | I75: Lokasi Aktual | J75: Status | K75: LOKASI STNK | L75: LOKASI BPKB | M75: NOMOR RANGKA | N75: TYPE | O75: Expired STNK | P75: Expired Pajak | Q75: Expired KIR | R75: Expired SIOK | S75: STATUS LUNAS/LEASING | T75: DRIVER
B76: DUMPTRUCK
A77: 69 | B77: Dump Truck HINO RANGER-FM 280 JD | C77: 2024 | D77: B9132ZYT | E77: waranty hino di dealer service | F77: 24 M3 | G77: DT 77 | H77: DT-00023 | I77: WUR EW/MINAS | J77: AKTIF | K77: DURI
A78: 70 | B78: Dump Truck HINO RANGER-FM 280 JD | C78: 2024 | D78: B9133ZYT | E78: waranty hino di dealer service | F78: 24 M3 | G78: DT 78 | H78: DT-00024 | I78: WUR EW/MINAS | J78: AKTIF | K78: DURI
A79: 3 | B79: Dump Truck HINO RANGER-FM 260 JD | C79: 2010 | D79: BM9239 JU | F79: 24 M3 | G79: DT 05 | H79: BRA-05 | I79: SEWA PAK ALI | J79: AKTIF | K79: PROSES PENGURUSAN | L79: HO | M79: MJEFM8JNKAJM23283 | N79: FM260JD (6X4) | O79: 26/11/2025 | S79: LUNAS
A80: 4 | B80: Dump Truck HINO RANGER-FM 260 JD | C80: 2010 | D80: BM9252 JU | F80: 24 M3 | G80: DT 04 | H80: BRA-06 | I80: SEWA PAK ALI | J80: AKTIF | K80: PROSES PENGURUSAN | L80: HO | M80: MJEFM8JNKAJM23237 | N80: FM260JD (6X4) | O80: 26/11/2025 | S80: LUNAS | T80: NOFRIZAL THALIB
A81: 71 | B81: Dump Truck HINO RANGER-FM 280 JD | C81: 2024 | D81: B9134ZYT | E81: waranty hino di dealer service | F81: 24 M3 | G81: DT 79 | H81: DT-00025 | I81: WUR EW/MINAS | J81: AKTIF | K81: DURI
A82: 72 | B82: Dump Truck HINO RANGER-FM 280 JD | C82: 2024 | D82: B9135ZYT | E82: waranty hino di dealer service | F82: 24 M3 | G82: DT 80 | H82: DT-00026 | I82: WUR EW/BDL | J82: AKTIF | K82: DURI
A83: 73 | B83: Dump Truck HINO RANGER-FM 280 JD | C83: 2024 | D83: B9136ZYT | E83: waranty hino di dealer service | F83: 24 M3 | G83: DT 81 | H83: DT-00027 | I83: WUR EW/BDL | J83: AKTIF | K83: DURI
A84: 74 | B84: Dump Truck HINO RANGER-FM 280 JD | C84: 2024 | D84: B9137ZYT | E84: waranty hino di dealer service | F84: 24 M3 | G84: DT 82 | H84: DT-00028 | I84: WUR EW/BDL | J84: AKTIF | K84: DURI
A85: 75 | B85: Dump Truck HINO RANGER-FM 280 JD | C85: 2024 | D85: B9138ZYT | E85: waranty hino di dealer service | F85: 24 M3 | G85: DT 83 | H85: DT-00029 | I85: WUR EW/BDL | J85: AKTIF | K85: DURI
A86: 76 | B86: Dump Truck HINO RANGER-FM 280 JD | C86: 2024 | D86: B9139ZYT | E86: waranty hino di dealer service | F86: 24 M3 | G86: DT 84 | H86: DT-00030 | I86: WUR EW/BDL | J86: AKTIF | K86: DURI
A87: 46 | B87: Dump Truck HINO RANGER-FM 260 JD | C87: 2019 | D87: BG 8535 OW | F87: 24 M3 | G87: SW 02 (ABDUL) | H87: DT-00031 | I87: WUR EW | J87: AKTIF | K87: DURI | M87: MJEFM2PN1KJM12654
A88: 45 | B88: Dump Truck HINO RANGER-FM 260 JD | C88: 2019 | D88: BG8976IX | F88: 24 M3 | G88: SW 01 (ABDUL) | H88: DT-00032 | I88: WUR EW | J88: AKTIF | K88: DURI | M88: MJEFM2PN1KJM12614
A89: 21 | B89: Dump Truck HINO RANGER-FM 280 JD | C89: 2023 | D89: B9078ZYT | E89: waranty hino di dealer | F89: 24 M3 | G89: DT 34 | H89: DT-00037 | I89: WUR EW/MINAS | J89: AKTIF | K89: DURI | L89: BANK JATIM | M89: MJEFM8JN2PJX19886 | N89: FM280JD (6X4) | O89: 18/10/2028 | P89: 18/10/2024 | T89: AGUS EFENDI
A90: 14 | B90: Dump Truck HINO RANGER-FM 260 JD | C90: 2012 | D90: DD8319SU | F90: 24 M3 | G90: DT 23 | H90: DT-00070 | I90: PABRIKASI SELF LOADER | J90: AKTIF | K90: DURI | L90: HO | M90: MJEFM8JNKCJM34628 | N90: FM260JD (6X4) | O90: 23/10/2024
A91: 15 | B91: Dump Truck HINO RANGER-FM 260 JD | C91: 2012 | D91: DD8273SU | F91: 24 M3 | G91: DT 24 | H91: DT-00069 | I91: YARD DURI | J91: AKTIF | K91: PROSES PENGURUSAN | L91: HO | M91: MJEFM8JNKCJM36479 | N91: FM260JD (6X4) | O91: 23/10/2024
A92: 16 | B92: Dump Truck HINO RANGER-FM 260 JD | C92: 2011 | D92: B9613 TYT | F92: 24 M3 | G92: DT 29 | H92: DT-00051 | I92: YARD DURI | J92: AKTIF | K92: DURI | L92: FARCO | M92: MJEFM8JNKBJM26077 | N92: FM260JD (6X4) | S92: LUNAS
A93: 22 | B93: Dump Truck HINO RANGER-FM 280 JD | C93: 2023 | D93: B9079ZYT | E93: waranty hino di dealer | F93: 24 M3 | G93: DT 35 | H93: DT-00038 | I93: WUR EW/MINAS | J93: AKTIF | K93: DURI | L93: BANK JATIM | M93: MJEFM8JN2PJX19891 | N93: FM280JD (6X4) | O93: 18/10/2028 | P93: 18/10/2024 | T93: KHAIZUL
A94: 23 | B94: Dump Truck HINO RANGER-FM 280 JD | C94: 2023 | D94: B9080ZYT | E94: waranty hino di dealer | F94: 24 M3 | G94: DT 36 | H94: DT-00039 | I94: WUR EW/MINAS | J94: AKTIF | K94: DURI | L94: BANK JATIM | M94: MJEFM8JN2PJX19889 | N94: FM280JD (6X4) | O94: 18/10/2028 | P94: 18/10/2024 | T94: LAURENSIUS SUKAFELOR S. MAHA
A95: 24 | B95: Dump Truck HINO RANGER-FM 280 JD | C95: 2023 | D95: B9081ZYT | E95: waranty hino di dealer | F95: 24 M3 | G95: DT 37 | H95: DT-00040 | I95: WUR EW/MINAS | J95: AKTIF | K95: DURI | L95: BANK JATIM | M95: MJEFM8JN2PJX19888 | N95: FM280JD (6X4) | O95: 18/10/2028 | P95: 18/10/2024 | T95: ZAHAR
A96: 25 | B96: Dump Truck HINO RANGER-FM 280 JD | C96: 2023 | D96: B9082ZYT | E96: waranty hino di dealer | F96: 24 M3 | G96: DT 38 | H96: DT-00041 | I96: WUR EW/MINAS | J96: AKTIF | K96: DURI | L96: BANK JATIM | M96: MJEFM8JN2PJX19887 | N96: FM280JD (6X4) | O96: 18/10/2028 | P96: 18/10/2024 | T96: WIDHO ANDISTAMA
A97: 26 | B97: Dump Truck HINO RANGER-FM 280 JD | C97: 2023 | D97: B9089ZYT | E97: waranty hino di dealer | F97: 24 M3 | G97: DT 39 | H97: DT-00042 | I97: WUR EW/BDL | J97: AKTIF | K97: DURI | L97: LEASING MTF | M97: MJEFM8JN2PJX20089 | N97: FM280JD (6X4) | O97: 47037 | P97: 45576 | T97: NANDA PUTRA CANIAGO
A98: 27 | B98: Dump Truck HINO RANGER-FM 280 JD | C98: 2023 | D98: B9091ZYT | E98: waranty hino di dealer | F98: 24 M3 | G98: DT 40 | H98: DT-00043 | I98: WUR EW/BDL | J98: AKTIF | K98: DURI | L98: LEASING MTF | M98: MJEFM8JN2PJX20092 | N98: FM280JD (6X4) | O98: 47037 | P98: 45576 | T98: JANTO MAROLOAN TUA PANDIANGAN
A99: 28 | B99: Dump Truck HINO RANGER-FM 280 JD | C99: 2023 | D99: B9092ZYT | E99: waranty hino di dealer | F99: 24 M3 | G99: DT 41 | H99: DT-00044 | I99: WUR EW/BDL | J99: AKTIF | K99: DURI | L99: LEASING MTF | M99: MJEFM8JN2PJX20093 | N99: FM280JD (6X4) | O99: 47037 | P99: 45576 | T99: JONSON SILITONGA
A100: 29 | B100: Dump Truck HINO RANGER-FM 280 JD | C100: 2023 | D100: B9093ZYT | E100: waranty hino di dealer | F100: 24 M3 | G100: DT 42 | H100: DT-00045 | I100: WUR EW/BDL | J100: AKTIF | K100: DURI | L100: LEASING MTF | M100: MJEFM8JN2PJX20094 | N100: FM280JD (6X4) | O100: 47037 | P100: 45576 | T100: ABDUL RAIS
A101: 30 | B101: Dump Truck HINO RANGER-FM 280 JD | C101: 2023 | D101: B9094ZYT | E101: waranty hino di dealer | F101: 24 M3 | G101: DT 43 | H101: DT-00046 | I101: WUR EW/BDL | J101: AKTIF | K101: DURI | L101: LEASING MTF | M101: MJEFM8JN2PJX20088 | N101: FM280JD (6X4) | O101: 47037 | P101: 45576 | T101: RIA IRAWAN
A102: 6 | B102: Dump Truck HINO RANGER-FM 260 JD | C102: 2018 | D102: B9116PYX /B9102ZYT | F102: 24 M3 | G102: DT 10 | H102: DT-00047 | I102: WUR EW | J102: AKTIF | K102: DURI | L102: LEASING MTF | M102: MJEFM8JN1JJE20266 | N102: FM260JD (6X4) | O102: 46816 | P102: 45355
A103: 5 | B103: Dump Truck HINO RANGER-FM 260 JD | C103: 2018 | D103: B9115PYX / B9103ZYT | F103: 24 M3 | G103: DT 09 | H103: DT-00048 | I103: WUR EW | J103: AKTIF | K103: DURI | L103: LEASING MTF | M103: MJEFM8JN1JJE20967 | N103: FM260JD (6X4) | O103: 46816 | P103: 45355
...

Sheet Sheet5
AB1: HydroCarbon Transportation (HCT)
A2: Vehicle List PHR Project HCT | AB2: Transmission & Distribution Operation (TDO)
A3: No | B3: Register Plat | C3: Merk | D3: Type / Warna | E3: Tahun Kendaraan | F3: Kepemilikan | G3: Project | H3: Status | I3: No Lambung | J3: Tanggal Masuk / Ganti | K3: No RFID | L3: No Rangka | M3: No Mesin | N3: No KIR | O3: STNK Status | P3: Tax Status | Q3: KIR Status | R3: Izin Opperasional | S3: PIC | T3: DOKUMEN | W3: FOTO KENDARAAN
T4: STNK & PAJAK | U4: KIR | V4: VEHICLE PASS | W4: DEPAN | X4: BELAKANG | Y4: KIRI | Z4: KANAN
A5: 1 | B5: BG 8924 IL | C5: MITSUBISHI | D5: TRITON HDX-H 4X4 | E5: 2018 | F5: BRA | G5: HCT | H5: Unit sudah di pekanbaru | I5: RRP-BRA-01 | L5: MMBJNKL30JH070553 | M5: 4D56UAV7669 | N5: AF71C18002018 | O5: 45416 | P5: 45050 | Q5: 45049 | R5: 44997 | S5: OSS DUMAI (Faris Kharisma) | T5: ADA | U5: ADA | W5: ADA | X5: ADA | Y5: ADA | Z5: ADA
A6: 2 | B6: BM8671 TX | C6: TOYOTA | D6: HILUX 2.4E 4X4 M/T | E6: 2018 | F6: BRA | G6: HCT | H6: AKTIF | I6: RRP-BRA-02 | K6: 1670094003 | L6: MR0DB8CD5J0119920 | M6: 2GD0517555 | N6: PBR95635 | O6: 45238 | P6: 45238 | Q6: 45165 | R6: N/A | S6: OSS DURI (Beni Candra) | T6: ADA | U6: ADA | V6: ADA | W6: ADA | X6: ADA | Y6: ADA | Z6: ADA
A7: 3 | B7: BG 9879 DL | C7: MITSUBISHI | D7: TRITON HDX-H 4X4 | E7: 2018 | F7: BRA | G7: HCT | H7: Unit sudah di pekanbaru | I7: RRP-BRA-03 | J7: 44896 | K7: 1670094002 | L7: MMBJNKL30JH052049 | M7: 4D56UAU2019 | N7: AF03C18011275 | O7: 45258 | P7: 44893 | Q7: 44980 | S7: OSS DURI (Beni Candra) | T7: ADA | U7: ADA | V7: ADA | W7: ADA | X7: ADA | Y7: ADA | Z7: ADA
A8: 4 | B8: BG 8055 IL | C8: MITSUBISHI | D8: TRITON HDX-H 4X4 | E8: 2018 | F8: BRA | G8: HCT | H8: Unit sudah di pekanbaru | I8: RRP-BRA-04 | J8: 44896 | K8: 3040250004 | L8: MMBJNKL30JH056753 | M8: 4D56UAU5528 | N8: AF71C18002023 | O8: 45296 | P8: 44931 | Q8: 45011 | S8: OSS DURI (Beni Candra) | T8: ADA | U8: ADA | V8: ADA | W8: ADA | X8: ADA | Y8: ADA | Z8: ADA
A9: 5 | B9: BG 8056 IL | C9: MITSUBISHI | D9: TRITON HDX-H 4X4 | E9: 2018 | F9: BRA | G9: HCT | H9: Unit sudah di pekanbaru | I9: RRP-BRA-06 | J9: 44896 | K9: 1571114003 | L9: MMBJNKL30JH056739 | M9: 4D56UAU6314 | N9: AF71C18002024 | O9: 45296 | P9: 44931 | Q9: 45011 | S9: OSS DURI (Beni Candra) | T9: ADA | U9: ADA | V9: ADA | W9: ADA | X9: ADA | Y9: ADA | Z9: ADA
A10: 6 | B10: BM8930 QA | C10: MITSUBISHI | D10: TRITON GLS 4X4 | E10: 2021 | F10: GORENT | G10: HCT | H10: SUDAH DIKEMBALIKAN | I10: RRP-BRA-06 | J10: 44875 | O10: 46330 | P10: 44869 | Q10: 44904 | S10: OSS DUMAI (Faris Kharisma) | W10: ADA | X10: ADA | Y10: ADA | Z10: ADA
A11: 7 | B11: BM8629 TX | C11: MITSUBISHI | D11: TRITON GLS 4X4 | E11: 2018 | F11: GORENT | G11: HCT | H11: SUDAH DIKEMBALIKAN | I11: RRP-BRA-05 | J11: 44930 | K11: 1572109004 | O11: 45225 | P11: 44860 | Q11: 44875 | S11: OSS DURI (Beni Candra) | T11: ADA | U11: ADA | V11: ADA | W11: ADA | X11: ADA | Y11: ADA | Z11: ADA
A12: 8 | B12: B9112 ZBA | C12: TOYOTA | D12: HILUX 2.4G 4X4 M/T | E12: 2022 | F12: BRA | G12: HCT | H12: AKTIF | I12: RRP-BRA-07 | K12: 3040250027 | L12: MR0KB8CD4N1134187 | M12: 2GD1237941 | N12: JKT119880 | O12: 46678 | P12: 45217 | Q12: 45049 | R12: 45068 | S12: OSS DURI (Beni Candra) | T12: ADA | U12: ADA | V12: - | W12: ADA | X12: ADA | Y12: ADA | Z12: ADA
A13: 9 | B13: BM9609 TX | C13: CHEVROLET | D13: COLORADO | E13: 2018 | F13: GORENT | G13: HCT | H13: SUDAH DIKEMBALIKAN | I13: RRP-BRA-08 | J13: 44968 | O13: 45659 | P13: 44928 | Q13: 44780 | S13: Surveillance (Randy Anugrah) | AA13: SURVEILLANCE BANGKO
A14: 10 | B14: B1095 ZKX | C14: TOYOTA | D14: KIJANG INNOVA 2.4G M/T | E14: 2022 | F14: BRA | G14: HCT | H14: AKTIF | I14: RRP-BRA-08 | K14: 3040250031 | L14: MHFJB8EM4N1104876 | M14: 2GD1228679 | N14: - | O14: 46645 | P14: 45184 | Q14: N/A | R14: 45041 | S14: OSS DURI (Beni Candra) | T14: ADA | U14: N/A | V14: - | W14: ADA | X14: ADA | Y14: ADA | Z14: ADA
A15: 11 | B15: BM9611 TX | C15: CHEVROLET | D15: COLORADO | E15: 2018 | F15: GORENT | G15: HCT | H15: SUDAH DIKEMBALIKAN | I15: RRP-BRA-09 | O15: 45659 | P15: 44928 | Q15: 44939 | S15: Surveillance (Randy Anugrah) | AA15: SURVEILLANCE DURI
A16: 12 | B16: BM9614 TX | C16: CHEVROLET | D16: COLORADO | E16: 2018 | F16: GORENT | G16: HCT | H16: SUDAH DIKEMBALIKAN | I16: RRP-BRA-10 | J16: 44930 | O16: 45659 | P16: 44928 | Q16: 44939 | S16: Surveillance (Randy Anugrah) | AA16: SURVEILLANCE DURI
A17: 13 | B17: BM9615 TX | C17: CHEVROLET | D17: COLORADO | E17: 2018 | F17: GORENT | G17: HCT | H17: SUDAH DIKEMBALIKAN | I17: RRP-BRA-11 | J17: 44930 | O17: 45659 | P17: 44928 | Q17: 44939 | S17: Surveillance (Randy Anugrah) | AA17: SURVEILLANCE BANGKO
A18: 14 | B18: BM9616 TX | C18: CHEVROLET | D18: COLORADO | E18: 2018 | F18: GORENT | G18: HCT | H18: SUDAH DIKEMBALIKAN | I18: RRP-BRA-12 | O18: 45659 | P18: 44928 | Q18: 44940 | S18: Surveillance (Randy Anugrah) | AA18: SURVEILLANCE DURI
A19: 15 | B19: E 8261 PX | C19: MITSUBISHI | D19: TRITON GLS 4X4 | E19: 2018 | F19: GORENT | G19: HCT | H19: SUDAH DIKEMBALIKAN | I19: RRP-BRA-13 | O19: 45116 | P19: 45116 | Q19: 44933 | S19: Surveillance (Randy Anugrah) | AA19: SURVEILLANCE BANGKO
A20: 16 | B20: E 8264 PX | C20: MITSUBISHI | D20: TRITON GLS 4X4 | E20: 2018 | F20: GORENT | G20: HCT | H20: SUDAH DIKEMBALIKAN | I20: RRP-BRA-14 | O20: 45116 | P20: 45116 | Q20: 44930 | S20: Surveillance (Randy Anugrah) | AA20: SURVEILLANCE DURI
A21: 17 | B21: E 8265 PX | C21: MITSUBISHI | D21: TRITON GLS 4X4 | E21: 2018 | F21: GORENT | G21: HCT | H21: SUDAH DIKEMBALIKAN | I21: RRP-BRA-15 | O21: 45116 | P21: 45116 | Q21: 44930 | S21: Surveillance (Randy Anugrah) | AA21: SURVEILLANCE DURI
A22: 18 | B22: BM8935 TX | C22: TOYOTA | D22: HILUX 2.4E 4X4 M/T | E22: 2018 | F22: BRA | G22: HCT | H22: Unit sudah di pekanbaru | I22: RRP-BRA-16 | L22: MRODB8CD1J0177460 | M22: 2KD4483619 | N22: PBR96327 | O22: 45333 | P22: 44968 | Q22: 44969 | R22: N/A | S22: Surveillance (Randy Anugrah) | T22: ADA | U22: ADA | AA22: SURVEILLANCE DURI
A23: 19 | B23: BM8443 TX | C23: TOYOTA | D23: HILUX 2.4E 4X4 M/T | E23: 2018 | F23: BRA | G23: HCT | H23: unit masih di duri tinggal ambil | I23: RRP-BRA-17 | L23: MR0DB8CD1J0178155 | M23: 2GD0513415 | N23: PBR94997 | O23: 45170 | P23: 45170 | Q23: 44969 | R23: N/A | S23: Surveillance (Randy Anugrah) | T23: ADA | U23: ADA | AA23: SURVEILLANCE DURI
A24: 20 | B24: BM8444 TX | C24: TOYOTA | D24: HILUX 2.4E 4X4 M/T | E24: 2018 | F24: BRA | G24: HCT | H24: Unit sudah di pekanbaru | I24: RRP-BRA-18 | L24: MR0DB8CD6J0178443 | M24: 2GD4541984 | N24: PBR95004 | O24: 45170 | P24: 45170 | Q24: 44969 | R24: N/A | S24: Surveillance (Randy Anugrah) | T24: ADA | U24: ADA | AA24: SURVEILLANCE DURI
A25: 21 | B25: BM9617 TX | C25: CHEVROLET | D25: COLORADO | E25: 2018 | F25: GORENT | G25: HCT | H25: SUDAH DIKEMBALIKAN | I25: RRP-BRA-19 | O25: 45659 | P25: 44928 | Q25: 44939 | S25: Surveillance (Randy Anugrah) | AA25: SURVEILLANCE DURI
A26: 22 | B26: BH 8097 EM | C26: MITSUBISHI | D26: TRITON GLS 4X4 | E26: 2019 | F26: SEDAYU CITRA MOBIL | G26: HCT | H26: SUDAH DIKEMBALIKAN | I26: RRP-BRA-20 | J26: 44932 | O26: 45667 | P26: 44936 | S26: Surveillance (Randy Anugrah)
A27: 23 | B27: BM8493 TW | C27: MITSUBISHI | D27: TRITON GLS 4X4 | E27: 2017 | F27: SEDAYU CITRA MOBIL | G27: HCT | H27: SUDAH DIKEMBALIKAN | I27: RRP-BRA-21 | J27: 44895 | O27: 44965 | P27: 44965 | Q27: 44985 | S27: Surveillance (Randy Anugrah)
A28: 24 | B28: BM9304 TW | C28: MITSUBISHI | D28: TRITON GLS 4X4 | E28: 2018 | F28: SEDAYU CITRA MOBIL | G28: HCT | H28: SUDAH DIKEMBALIKAN | I28: RRP-BRA-22 | J28: 44931 | O28: 45098 | P28: 45098 | Q28: 44991 | S28: Surveillance (Randy Anugrah)
A29: 25 | B29: BM9514 TW | C29: MITSUBISHI | D29: TRITON GLS 4X4 | E29: 2018 | F29: SEDAYU CITRA MOBIL | G29: HCT | H29: SUDAH DIKEMBALIKAN | I29: RRP-BRA-23 | J29: 44931 | O29: 45131 | P29: 45131 | Q29: 44993 | S29: Surveillance (Randy Anugrah)
A30: 26 | B30: B9101 ZBA | C30: TOYOTA | D30: HILUX 2.4G 4X4 M/T | E30: 2022 | F30: BRA | G30: HCT | H30: AKTIF | I30: RRP-BRA-24 | J30: 44818 | L30: MR0KB8CD7N1134149 | M30: 2GD1236203 | N30: JKT119884 | O30: 46653 | P30: 45192 | Q30: 45048 | R30: 45022 | S30: Surveillance (Randy Anugrah) | T30: ADA | U30: ADA
A31: 27 | B31: B9110 ZBA | C31: TOYOTA | D31: HILUX 2.4G 4X4 M/T | E31: 2022 | F31: BRA | G31: HCT | H31: AKTIF | I31: RRP-BRA-25 | J31: 44818 | L31: MR0KB8CD0N1134199 | M31: 2GD1238267 | N31: JKT119883 | O31: 46663 | P31: 45202 | Q31: 45048 | R31: 45022 | S31: Surveillance (Randy Anugrah) | T31: ADA | U31: ADA
A32: 28 | B32: B9108 ZBA | C32: TOYOTA | D32: HILUX 2.4G 4X4 M/T | E32: 2022 | F32: BRA | G32: HCT | H32: AKTIF | I32: RRP-BRA-26 | L32: MR0KB8CDXN1134095 | M32: 2GD1234595 | N32: JKT119882 | O32: 46659 | P32: 45198 | Q32: 45048 | R32: 45022 | S32: OSS DUMAI (Faris Kharisma) | T32: ADA | U32: ADA | W32: ADA | X32: ADA | Y32: ADA | Z32: ADA
A33: 29 | B33: B1097 ZKX | C33: TOYOTA | D33: KIJANG INNOVA 2.4G M/T | E33: 2022 | F33: BRA | G33: HCT | H33: AKTIF | I33: RRP-BRA-27 | J33: 44818 | L33: MHFJB8EMXN1104798 | M33: 2GD0071266 | N33: - | O33: 46645 | P33: 45184 | Q33: N/A | R33: 45022 | S33: OSS DUMAI (Faris Kharisma) | T33: ADA | U33: N/A | W33: ADA | X33: ADA | Y33: ADA | Z33: ADA
A34: 30 | B34: B9109 ZBA | C34: TOYOTA | D34: HILUX 2.4G 4X4 M/T (SILVER METALIK) | E34: 2022 | F34: BRA | G34: HCT | H34: AKTIF | J34: 44895 | L34: MR0KB8CD0N1135577 | M34: 2GD1263442 | O34: 46691 | P34: 45230 | R34: 45022 | S34: Surveillance (Randy Anugrah) | T34: ADA
A35: 31 | B35: B9107 ZBA | C35: TOYOTA | D35: HILUX 2.4G 4X4 M/T (HITAM METALIK) | E35: 2022 | F35: BRA | G35: HCT | H35: AKTIF | J35: 44896 | L35: MR0KB8CD1N1135314 | M35: 2GD1258669 | O35: 46691 | P35: 45230 | R35: 45068 | S35: OSS DURI (Beni Candra) | T35: ADA
A36: 32 | B36: B9105 ZBA | C36: TOYOTA | D36: HILUX 2.4G 4X4 M/T (HITAM METALIK) | E36: 2022 | F36: BRA | G36: HCT | H36: AKTIF | J36: 44896 | L36: MR0KB8CD3N1134424 | M36: 2GD5261280 | O36: 46692 | P36: 45231 | R36: 45068 | S36: OSS DURI (Beni Candra) | T36: ADA
A37: 33 | B37: B9103 ZBA | C37: TOYOTA | D37: HILUX 2.4G 4X4 M/T (HITAM METALIK) | E37: 2022 | F37: BRA | G37: HCT | H37: AKTIF | J37: 44896 | L37: MR0KB8CD5N1134693 | M37: 2GD1252336 | O37: 46686 | P37: 45225 | R37: 45068 | S37: OSS DURI (Beni Candra) | T37: ADA
A38: 34 | B38: B9114 ZBA | C38: TOYOTA | D38: HILUX 2.4G 4X4 M/T (HITAM METALIK) | E38: 2022 | F38: BRA | G38: HCT | H38: AKTIF | L38: MR0KB8CD0N1135269 | M38: 2GD5269655 | O38: 46686 | P38: 45225 | R38: 45068 | S38: OSS DUMAI (Faris Kharisma) | T38: ADA
A39: 35 | B39: B9113 ZBA | C39: TOYOTA | D39: HILUX 2.4G 4X4 M/T (SILVER METALIK) | E39: 2022 | F39: BRA | G39: HCT | H39: AKTIF | J39: 44926 | L39: MR0KB8CD5N1136742 | M39: 2GD1271966 | N39: DEP.20220974 | O39: 46716 | P39: 45255 | Q39: 45074 | R39: 45006 | S39: OSS DURI (Beni Candra)
A40: 36 | B40: B9115 ZBA | C40: TOYOTA | D40: HILUX 2.4G 4X4 M/T (HITAM METALIK) | E40: 2022 | F40: BRA | G40: HCT | H40: AKTIF | J40: 44929 | L40: MR0KB8CD8N1136492 | M40: 2GD1270125 | N40: DEP.20220972 | O40: 46716 | P40: 45255 | Q40: 45074 | R40: 45006 | S40: Surveillance (Randy Anugrah)
A41: 37 | B41: B9116 ZBA | C41: TOYOTA | D41: HILUX 2.4G 4X4 M/T (HITAM METALIK) | E41: 2022 | F41: BRA | G41: HCT | H41: AKTIF | J41: 44929 | L41: MR0KB8CD2N1136309 | M41: 2GD5281582 | N41: DEP.20220970 | O41: 46716 | P41: 45255 | Q41: 45074 | R41: 45006 | S41: Surveillance (Randy Anugrah)
A42: 38 | B42: B9117 ZBA | C42: TOYOTA | D42: HILUX 2.4G 4X4 M/T (ABU-ABU METALIK) | E42: 2022 | F42: BRA | G42: HCT | H42: AKTIF | J42: 44929 | L42: MR0KB8CD4N1136442 | M42: 2GD1269488 | N42: DEP.20220973 | O42: 46716 | P42: 45255 | Q42: 45074 | R42: 45006 | S42: Surveillance (Randy Anugrah)
A43: 39 | B43: B9121 ZBA | C43: TOYOTA | D43: HILUX 2.4G 4X4 M/T (HITAM METALIK) | E43: 2022 | F43: BRA | G43: HCT | H43: AKTIF | J43: 44929 | L43: MR0KB8CD7N1136404 | M43: 2GD5282315 | N43: DEP.20220975 | O43: 46716 | P43: 45255 | Q43: 45074 | R43: 45006 | S43: Surveillance (Randy Anugrah)
A44: 40 | B44: B9123 ZBA | C44: TOYOTA | D44: HILUX 2.4G 4X4 M/T (HITAM METALIK) | E44: 2022 | F44: BRA | G44: HCT | H44: AKTIF | J44: 44929 | L44: MR0KB8CD9N1136128 | M44: 2GD5280129 | N44: DEP.20220971 | O44: 46716 | P44: 45255 | Q44: 45074 | R44: 45006 | S44: Surveillance (Randy Anugrah)
A45: 41 | B45: B9129 ZBA | C45: TOYOTA | D45: HILUX 2.4G 4X4 M/T (HITAM METALIK) | E45: 2022 | F45: BRA | G45: HCT | H45: AKTIF | J45: 44577 | L45: MR0KB8CD6N1137995 | M45: 2GD1285521 | O45: 46754 | P45: 45293 | R45: 45028 | S45: Surveillance (Randy Anugrah)
A46: 42 | B46: B9134 ZBA | C46: TOYOTA | D46: HILUX 2.4G 4X4 M/T (HITAM METALIK) | E46: 2022 | F46: BRA | G46: HCT | H46: AKTIF | J46: 44577 | L46: MR0KB8CD4N1138532 | M46: 2GD5315030 | O46: 46754 | P46: 45293 | R46: 45028 | S46: Surveillance (Randy Anugrah)
A47: 43 | B47: B9127 ZBA | C47: TOYOTA | D47: HILUX 2.4G 4X4 M/T (HITAM METALIK) | E47: 2022 | F47: BRA | G47: HCT | H47: AKTIF | J47: 44577 | L47: MR0KB8CD5N1138541 | M47: 2GD5315163 | O47: 46754 | P47: 45293 | R47: 45028 | S47: Surveillance (Randy Anugrah)
A48: 44 | B48: B9125 ZBA | C48: TOYOTA | D48: HILUX 2.4G 4X4 M/T (HITAM METALIK) | E48: 2022 | F48: BRA | G48: HCT | H48: AKTIF | J48: 44577 | L48: MR0KB8CDXN1138325 | M48: 2GD1294585 | O48: 46754 | P48: 45293 | R48: 45028 | S48: Surveillance (Randy Anugrah)
A49: 45 | B49: B9128 ZBA | C49: TOYOTA | D49: HILUX 2.4G 4X4 M/T (HITAM METALIK) | E49: 2022 | F49: BRA | G49: HCT | H49: AKTIF | J49: 44577 | L49: MR0KB8CD5N1138278 | M49: 2GD1293098 | O49: 46754 | P49: 45293 | R49: 45028 | S49: Surveillance (Randy Anugrah)
A50: 46 | B50: B9130 ZBA | C50: TOYOTA | D50: HILUX 2.4G 4X4 M/T (HITAM METALIK) | E50: 2022 | F50: BRA | G50: HCT | H50: AKTIF | J50: 44577 | L50: MR0KB8CD2N1138299 | M50: 2GD1293579 | O50: 46754 | P50: 45293 | R50: 45028 | S50: Surveillance (Randy Anugrah)
A51: 47 | B51: B9147 ZBA | C51: TOYOTA | D51: HILUX 2.4G 4X4 M/T (HITAM METALIK) | E51: 2022 | F51: BRA | G51: HCT | H51: AKTIF | L51: MR0KB8CDIN1138214 | M51: 2GD5305035 | R51: 45046
A52: 48 | B52: B9132 ZBA | C52: TOYOTA | D52: HILUX 2.4G 4X4 M/T (HITAM METALIK) | E52: 2022 | F52: BRA | G52: HCT | H52: DI RENTAL KE PAK JUMARNO | L52: MR0KB8CD6N1137818 | M52: 2GD1281754 | R52: 45046
A53: 49 | B53: B9143 ZBA | C53: TOYOTA | D53: HILUX 2.4G 4X4 M/T (HITAM METALIK) | E53: 2022 | F53: BRA | G53: HCT | H53: STANBY DI DURI | L53: MR0KB8CD2N1137539 | M53: 2GD1278660 | R53: 45046
A54: 50 | B54: B9141 ZBA | C54: TOYOTA | D54: HILUX 2.4G 4X4 M/T (HITAM METALIK) | E54: 2022 | F54: BRA | G54: HCT | H54: AKTIF | L54: MR0KB8CDIN1137788 | M54: 2GD1281243 | R54: 45046
A55: 51 | B55: B9139 ZBA | C55: TOYOTA | D55: HILUX 2.4G 4X4 M/T (HITAM METALIK) | E55: 2022 | F55: BRA | G55: HCT | H55: AKTIF | L55: MR0KB8CDXN1137966 | M55: 2GD1282278 | R55: 45046
A56: 52 | B56: B9146 ZBA | C56: TOYOTA | D56: HILUX 2.4G 4X4 M/T (HITAM METALIK) | E56: 2022 | F56: BRA | G56: HCT | H56: AKTIF | L56: MR0KB8CD8N1137836 | M56: 2GD1281182 | R56: 45046
A57: 53 | B57: B9140 ZBA | C57: TOYOTA | D57: HILUX 2.4G 4X4 M/T (HITAM METALIK) | E57: 2022 | F57: BRA | G57: HCT | H57: AKTIF | L57: MR0KB8CD9N1137909 | M57: 2GD1282086 | R57: 45046
A58: 54 | B58: B9138 ZBA | C58: TOYOTA | D58: HILUX 2.4G 4X4 M/T (HITAM METALIK) | E58: 2022 | F58: BRA | G58: HCT | H58: AKTIF | L58: MR0KB8CD7N1137794 | M58: 2GD1280693 | R58: 45046
A59: 55 | B59: B9136 ZBA | C59: TOYOTA | D59: HILUX 2.4G 4X4 M/T (HITAM METALIK) | E59: 2022 | F59: BRA | G59: HCT | H59: DI RENTAL KE PAK JUMARNO | L59: MR0KB8CDGN1137771 | M59: 2GD1281207 | R59: 45046
A60: 56 | B60: B9142 ZBA | C60: TOYOTA | D60: HILUX 2.4G 4X4 M/T (HITAM METALIK) | E60: 2022 | F60: BRA | G60: HCT | H60: AKTIF | L60: MR0KB8CD7N1138508 | M60: 2GD5313589 | P60: 45309 | R60: 45046
A61: 57 | B61: B9148 ZBA | C61: TOYOTA | D61: HILUX 2.4G 4X4 M/T (HITAM METALIK) | E61: 2022 | F61: BRA | G61: HCT | H61: AKTIF | L61: MR0KB8CD5N1138006 | M61: 2GD5298698 | R61: 45046
A62: 58 | B62: B9133 ZBA | C62: TOYOTA | D62: HILUX 2.4G 4X4 M/T (HITAM METALIK) | E62: 2022 | F62: BRA | G62: HCT | H62: STANBY DI PEKANBARU | L62: MROKB8CD4N1137820 | M62: 2GD1281537 | S62: di Pekanbaru
A63: 59 | B63: B9145 ZBA | C63: TOYOTA | D63: HILUX 2.4G 4X4 M/T (HITAM METALIK) | E63: 2022 | F63: BRA | G63: HCT | H63: DI RENTAL KE PAK JUMARNO | L63: MROKB8CD7N1137486 | M63: 2GD1278446 | S63: di Pekanbaru

Sheet Sheet6
AC1: HydroCarbon Transportation (HCT)
B2: Vehicle List PHR Project TDO | AC2: Transmission & Distribution Operation (TDO)
B3: No | C3: Register Plat | D3: Merk | E3: Type / Warna | F3: Tahun Kendaraan | G3: Kepemilikan | H3: Project | I3: Status | J3: No Lambung | K3: Tanggal Masuk / Ganti | L3: No RFID | M3: No Rangka | N3: No Mesin | O3: No KIR | P3: STNK Status | Q3: Tax Status | R3: KIR Status | S3: Izin Opperasional | T3: PIC | U3: DOKUMEN | X3: FOTO KENDARAAN
U4: STNK & PAJAK | V4: KIR | W4: VEHICLE PASS | X4: DEPAN | Y4: BELAKANG | Z4: KIRI | AA4: KANAN
B5: 30 | C5: B1693ZKW | D5: TOYOTA | E5: AVANZA 1.3E M/T | F5: 2022 | G5: BRA | H5: TDO | I5: AKTIF | J5: RRP-TD-01 | M5: MHKAA1BY9NK008237 | N5: 1NRG187745 | O5: - | P5: 46610 | Q5: 45149 | R5: N/A | T5: TDO (Aan Wahyudi ) | U5: ADA | V5: N/A | AB5: `
B6: 31 | C6: B1689ZKW | D6: TOYOTA | E6: AVANZA 1.3E M/T | F6: 2022 | G6: BRA | H6: TDO | I6: AKTIF | J6: RRP-TD-02 | M6: MHKAA1BY5NK009952 | N6: 1NRG190274 | O6: - | P6: 46610 | Q6: 45149 | R6: N/A | T6: TDO (Aan Wahyudi ) | U6: ADA | V6: N/A | AB6: NORTH DURI
B7: 32 | C7: B1691ZKW | D7: TOYOTA | E7: AVANZA 1.3E M/T | F7: 2022 | G7: BRA | H7: TDO | I7: AKTIF | J7: RRP-TD-03 | M7: MHKAA1BY6NK008437 | N7: 1NRG188268 | O7: - | P7: 46610 | Q7: 45149 | R7: N/A | T7: TDO (Aan Wahyudi ) | U7: ADA | V7: N/A | AB7: SOUTH
B8: 33 | C8: B1695ZKW | D8: TOYOTA | E8: AVANZA 1.3E M/T | F8: 2022 | G8: BRA | H8: TDO | I8: AKTIF | J8: RRP-TD-04 | M8: MHKAA1BYXNK008487 | N8: 1NRG188303 | O8: - | P8: 46610 | Q8: 45149 | R8: N/A | T8: TDO (Aan Wahyudi ) | U8: ADA | V8: N/A | AB8: SOUTH
B9: 34 | C9: BM9825 DK | D9: MITSUBISHI | E9: TRITON GLS 4X4 | F9: 2018 | G9: BRA | H9: TDO | I9: Unit sudah di pekanbaru | J9: RRP-TD-05 | M9: MMBJNKL30JH051789 | N9: 4D56UAU1910 | O9: BLS23096 | P9: 45217 | Q9: 45217 | R9: 45097 | T9: TDO (Aan Wahyudi ) | U9: ADA | V9: ADA | AB9: NORTH DURI
B10: 35 | C10: BM9828 DK | D10: MITSUBISHI | E10: TRITON GLS 4X4 | F10: 2018 | G10: BRA | H10: TDO | I10: Unit sudah di pekanbaru | J10: RRP-TD-06 | M10: MMBJNKL30JH051853 | N10: 4D56UAU2034 | O10: BLS23098 | P10: 45217 | Q10: 45217 | R10: 45097 | T10: TDO (Aan Wahyudi ) | U10: ADA | V10: ADA | AB10: NORTH DURI
B11: 36 | C11: BM9827 DK | D11: MITSUBISHI | E11: TRITON GLS 4X4 | F11: 2018 | G11: BRA | H11: TDO | I11: Unit sudah di pekanbaru | J11: RRP-TD-07 | M11: MMBJNKL30JH052007 | N11: 4D56UAU2128 | O11: BLS23101 | P11: 45217 | Q11: 45217 | R11: 45097 | T11: TDO (Aan Wahyudi ) | U11: ADA | V11: ADA | AB11: NORTH DURI
B12: 37 | C12: BM9829 DK | D12: MITSUBISHI | E12: TRITON GLS 4X4 | F12: 2018 | G12: BRA | H12: TDO | I12: Unit sudah di pekanbaru | J12: RRP-TD-08 | M12: MMBJNKL30JH052244 | N12: 4D56UAU2475 | O12: BLS23107 | P12: 45217 | Q12: 45217 | R12: 45097 | T12: TDO (Aan Wahyudi ) | U12: ADA | V12: ADA | AB12: NORTH DURI
B13: 38 | C13: BM8723 TX | D13: MITSUBISHI | E13: TRITON GLS 4X4 | F13: 2018 | G13: GORENT | H13: TDO | I13: SUDAH DIKEMBALIKAN | J13: RRP-TD-09 | P13: 44892 | Q13: 45217 | R13: 44940 | T13: TDO (Aan Wahyudi ) | AB13: SOUTH
B14: 39 | C14: BM9826 DK | D14: MITSUBISHI | E14: TRITON GLS 4X4 | F14: 2018 | G14: BRA | H14: TDO | I14: Unit sudah di pekanbaru | J14: RRP-TD-10 | M14: MMBJNKL30JH051730 | N14: 4D56UAU1797 | O14: BLS23108 | P14: 45217 | Q14: 45217 | R14: 45097 | T14: TDO (Aan Wahyudi ) | U14: ADA | V14: ADA | AB14: NORTH DURI
B15: 40 | C15: BM9832 DK | D15: MITSUBISHI | E15: TRITON GLS 4X4 | F15: 2018 | G15: BRA | H15: TDO | I15: Unit sudah di pekanbaru | J15: RRP-TD-11 | M15: MMBJNKL30JH052013 | N15: 4D56UAU2129 | O15: BLS23106 | P15: 45217 | Q15: 45217 | R15: 45097 | T15: TDO (Aan Wahyudi ) | U15: ADA | V15: ADA | AB15: NORTH DURI
B16: 41 | C16: BM9830 DK | D16: MITSUBISHI | E16: TRITON GLS 4X4 | F16: 2018 | G16: BRA | H16: TDO | I16: Unit sudah di pekanbaru | J16: RRP-TD-12 | M16: MMBJNKL30JH051696 | N16: 4D56UAU1858 | O16: BLS23103 | P16: 45217 | Q16: 45217 | R16: 45097 | T16: TDO (Aan Wahyudi ) | U16: ADA | V16: ADA | AB16: NORTH DURI
B17: 42 | C17: BM9834 DK | D17: MITSUBISHI | E17: TRITON GLS 4X4 | F17: 2018 | G17: BRA | H17: TDO | I17: Unit sudah di pekanbaru | J17: RRP-TD-13 | M17: MMBJNKL30JH052139 | N17: 4D56UAU2185 | O17: BLS10325 | P17: 45217 | Q17: 45217 | R17: 45097 | T17: TDO (Aan Wahyudi ) | U17: ADA | V17: ADA | AB17: NORTH DURI
B18: 43 | C18: BM9613 TX | D18: CHEVROLET | E18: COLORADO | F18: 2018 | G18: GORENT | H18: TDO | I18: SUDAH DIKEMBALIKAN | J18: RRP-TD-14 | P18: 45659 | Q18: 45217 | R18: 44940 | T18: TDO (Aan Wahyudi ) | AB18: NORTH BANGKO
B19: 44 | C19: BM8722 TX | D19: MITSUBISHI | E19: TRITON GLS 4X4 | F19: 2018 | G19: GORENT | H19: TDO | I19: SUDAH DIKEMBALIKAN | J19: RRP-TD-15 | P19: 45226 | Q19: 45217 | R19: 44875 | T19: TDO (Aan Wahyudi ) | AB19: SOUTH
B20: 45 | C20: BM8631 TX | D20: MITSUBISHI | E20: TRITON GLS 4X4 | F20: 2018 | G20: GORENT | H20: TDO | I20: SUDAH DIKEMBALIKAN | J20: RRP-TD-16 | P20: 45225 | Q20: 45217 | R20: 44875 | T20: TDO (Aan Wahyudi ) | AB20: NORTH DURI
B21: 46 | C21: BM8627 TX | D21: MITSUBISHI | E21: TRITON GLS 4X4 | F21: 2018 | G21: GORENT | H21: TDO | I21: SUDAH DIKEMBALIKAN | J21: RRP-TD-17 | P21: 45224 | Q21: 45217 | R21: 44844 | T21: TDO (Aan Wahyudi ) | AB21: NORTH BANGKO
B22: 47 | C22: BM8763 TX | D22: MITSUBISHI | E22: TRITON GLS 4X4 | F22: 2018 | G22: GORENT | H22: TDO | I22: SUDAH DIKEMBALIKAN | J22: RRP-TD-18 | P22: 45271 | Q22: 45217 | R22: 44940 | T22: TDO (Aan Wahyudi ) | AB22: SOUTH
B23: 48 | C23: BM8628 TX | D23: MITSUBISHI | E23: TRITON GLS 4X4 | F23: 2018 | G23: GORENT | H23: TDO | I23: SUDAH DIKEMBALIKAN | J23: RRP-TD-19 | P23: 45224 | Q23: 45217 | R23: 44875 | T23: TDO (Aan Wahyudi ) | AB23: SOUTH
B24: 49 | C24: BM8625 TX | D24: MITSUBISHI | E24: TRITON GLS 4X4 | F24: 2018 | G24: GORENT | H24: TDO | I24: SUDAH DIKEMBALIKAN | J24: RRP-TD-20 | P24: 45224 | Q24: 45217 | R24: 44844 | T24: TDO (Aan Wahyudi ) | AB24: NORTH BANGKO
B25: 50 | C25: BM8653 TX | D25: MITSUBISHI | E25: TRITON GLS 4X4 | F25: 2018 | G25: GORENT | H25: TDO | I25: SUDAH DIKEMBALIKAN | J25: RRP-TD-21 | P25: 44867 | Q25: 45217 | R25: 44915 | T25: TDO (Aan Wahyudi ) | AB25: SOUTH
B26: 51 | C26: BM8624 TX | D26: MITSUBISHI | E26: TRITON GLS 4X4 | F26: 2018 | G26: GORENT | H26: TDO | I26: SUDAH DIKEMBALIKAN | J26: RRP-TD-22 | P26: 45224 | Q26: 45217 | R26: 44875 | T26: TDO (Aan Wahyudi ) | AB26: SOUTH
B27: 52 | C27: BM9831 DK | D27: MITSUBISHI | E27: TRITON GLS 4X4 | F27: 2018 | G27: BRA | H27: TDO | I27: Unit sudah di pekanbaru | J27: RRP-TD-23 | M27: MMBJNKL30JH051958 | N27: 4D56UAU1770 | O27: BLS23100 | P27: 45217 | Q27: 45217 | R27: 45097 | T27: TDO (Aan Wahyudi ) | U27: ADA | V27: ADA | AB27: NORTH DURI
B28: 53 | C28: BM9833 DK | D28: MITSUBISHI | E28: TRITON GLS 4X4 | F28: 2018 | G28: BRA | H28: TDO | I28: Unit sudah di pekanbaru | J28: RRP-TD-24 | M28: MMBJNKL30JH052294 | N28: 4D56UAU2483 | O28: BSL23102 | P28: 45217 | Q28: 45217 | R28: 45097 | T28: TDO (Aan Wahyudi ) | U28: ADA | V28: ADA | AB28: NORTH DURI
B29: 54 | C29: BM8654 TX | D29: MITSUBISHI | E29: TRITON GLS 4X4 | F29: 2018 | G29: GORENT | H29: TDO | I29: SUDAH DIKEMBALIKAN | J29: RRP-TD-25 | P29: 45232 | Q29: 44867 | R29: 44911 | T29: TDO (Aan Wahyudi ) | AB29: SOUTH

Sheet BULLDOZER
A2: No | B2: Nama Asset | C2: Tahun | D2: SN/ Pelat Kendaraan | E2: Kapasitas | F2: Kode Unit | G2: DOKUMENTASI
G3: DEPAN | H3: SAMPING KIRI | I3: SAMPING KANAN | J3: BELAKANG
A4: C | B4: BULLDOZER
A5: 1 | B5: Bulldozer Caterpillar D6G | C5: 2008 | D5: P6G00163 | E5: 160 HP | F5: Dozer 01
A6: 2 | B6: Bulldozer Komatsu D70LE-8 | C6: 2005 | D6: J11178 | E6: 185 HP | F6: Dozer 02
A7: 3 | B7: Bulldozer Caterpillar D6G 2XL | C7: 2012 | D7: P6G01656 | E7: 160 HP | F7: Dozer 03
A8: 4 | B8: Bulldozer D85E SS | C8: 2012 | D8: J16298 | E8: 215 HP | F8: Dozer 04
A9: 5 | B9: Bulldozer Caterpillar D6G 2XL | C9: 2012 | D9: P6G01529 | E9: 160 HP | F9: Dozer 05
A10: 6 | B10: Bulldozer Caterpillar D6R | C10: 2011 | D10: S6X00348 | E10: 200 HP | F10: Dozer 06
A11: 7 | B11: Bulldozer D7G2 | C11: 2010 | D11: 7MB05410 | E11: 200 HP | F11: Dozer 07

Sheet Total
E2: 2021 | H2: 2023
A3: No | B3: Kendaraan/Alat Berat | C3: Cicilan Leasing | D3: Harga Sewa | E3: Agustus | F3: September | G3: Oktober | H3: Januari | I3: Februari | J3: Maret | K3: April
B5: EXCAVATOR
A6: 1 | B6: Excavator PC 210-10M0/P1 S/N C01530 | C6: 44441000 | D6: 45000000 | E6: ='Sewa Alat'!J6+'Sewa Alat'!L6+'Sewa Alat'!N6+'Sewa Alat'!P6+'Sewa Alat'!Q6+'Sewa Alat'!R6+'Sewa Alat'!T6 -> 45000000 | F6: ='Sewa Alat'!W6+'Sewa Alat'!Y6+'Sewa Alat'!AA6+'Sewa Alat'!AC6+'Sewa Alat'!AD6+'Sewa Alat'!AE6+'Sewa Alat'!AG6 -> 37500000 | G6: ='Sewa Alat'!AJ6+'Sewa Alat'!AK6+'Sewa Alat'!AM6+'Sewa Alat'!AO6+'Sewa Alat'!AQ6+'Sewa Alat'!AR6+'Sewa Alat'!AS6 -> 45000000 | H6: =+'Sewa Alat'!BZ6+'Sewa Alat'!CA6+'Sewa Alat'!CB6+'Sewa Alat'!CC6+'Sewa Alat'!CD6+'Sewa Alat'!CE6+'Sewa Alat'!CF6+'Sewa Alat'!CG6+'Sewa Alat'!CH6+'Sewa Alat'!CI6+'Sewa Alat'!CJ6 -> 46500000 | I6: ='Sewa Alat'!DN6+'Sewa Alat'!DO6+'Sewa Alat'!DP6+'Sewa Alat'!DQ6+'Sewa Alat'!DR6+'Sewa Alat'!DS6+'Sewa Alat'!DT6+'Sewa Alat'!DU6+'Sewa Alat'!DV6 -> 42000000 | J6: =sum('Sewa Alat'!FD6:FO6) -> 40500000 | L6: =D6/30*20% -> 300000
A7: 2 | B7: Excavator PC 210-10M0/P1 S/N C01531 | C7: 44441000 | D7: 45000000 | E7: ='Sewa Alat'!J7+'Sewa Alat'!L7+'Sewa Alat'!N7+'Sewa Alat'!P7+'Sewa Alat'!Q7+'Sewa Alat'!R7+'Sewa Alat'!T7 -> 46500000 | F7: ='Sewa Alat'!W7+'Sewa Alat'!Y7+'Sewa Alat'!AA7+'Sewa Alat'!AC7+'Sewa Alat'!AD7+'Sewa Alat'!AE7+'Sewa Alat'!AG7 -> 37500000 | G7: ='Sewa Alat'!AJ7+'Sewa Alat'!AK7+'Sewa Alat'!AM7+'Sewa Alat'!AO7+'Sewa Alat'!AQ7+'Sewa Alat'!AR7+'Sewa Alat'!AS7 -> 45000000 | H7: =+'Sewa Alat'!BZ7+'Sewa Alat'!CA7+'Sewa Alat'!CB7+'Sewa Alat'!CC7+'Sewa Alat'!CD7+'Sewa Alat'!CE7+'Sewa Alat'!CF7+'Sewa Alat'!CG7+'Sewa Alat'!CH7+'Sewa Alat'!CI7+'Sewa Alat'!CJ7 -> 46500000 | I7: ='Sewa Alat'!DN7+'Sewa Alat'!DO7+'Sewa Alat'!DP7+'Sewa Alat'!DQ7+'Sewa Alat'!DR7+'Sewa Alat'!DS7+'Sewa Alat'!DT7+'Sewa Alat'!DU7+'Sewa Alat'!DV7 -> 37500000 | J7: =sum('Sewa Alat'!FD7:FO7) -> 40500000 | L7: =D7/30*20% -> 300000
A8: 3 | B8: Excavator Caterpillar 320D S/N BZP03563 | D8: 40000000 | E8: ='Sewa Alat'!J8+'Sewa Alat'!L8+'Sewa Alat'!N8+'Sewa Alat'!P8+'Sewa Alat'!Q8+'Sewa Alat'!R8+'Sewa Alat'!T8 -> 37333333 | F8: ='Sewa Alat'!W8+'Sewa Alat'!Y8+'Sewa Alat'!AA8+'Sewa Alat'!AC8+'Sewa Alat'!AD8+'Sewa Alat'!AE8+'Sewa Alat'!AG8 -> 33333333 | G8: ='Sewa Alat'!AJ8+'Sewa Alat'!AK8+'Sewa Alat'!AM8+'Sewa Alat'!AO8+'Sewa Alat'!AQ8+'Sewa Alat'!AR8+'Sewa Alat'!AS8 -> 40000000 | H8: =+'Sewa Alat'!BZ8+'Sewa Alat'!CA8+'Sewa Alat'!CB8+'Sewa Alat'!CC8+'Sewa Alat'!CD8+'Sewa Alat'!CE8+'Sewa Alat'!CF8+'Sewa Alat'!CG8+'Sewa Alat'!CH8+'Sewa Alat'!CI8+'Sewa Alat'!CJ8 -> 41333333 | I8: ='Sewa Alat'!DN8+'Sewa Alat'!DO8+'Sewa Alat'!DP8+'Sewa Alat'!DQ8+'Sewa Alat'!DR8+'Sewa Alat'!DS8+'Sewa Alat'!DT8+'Sewa Alat'!DU8+'Sewa Alat'!DV8 -> 37333333 | J8: =sum('Sewa Alat'!FD8:FO8) -> 36000000 | L8: =D8/30*20% -> 266666.67
A9: 4 | B9: Excavator Komatsu PC 200-8 M0/U S/N C17877 | C9: 23885000 | D9: 40000000 | E9: ='Sewa Alat'!J9+'Sewa Alat'!L9+'Sewa Alat'!N9+'Sewa Alat'!P9+'Sewa Alat'!Q9+'Sewa Alat'!R9+'Sewa Alat'!T9 -> 33333333 | F9: ='Sewa Alat'!W9+'Sewa Alat'!Y9+'Sewa Alat'!AA9+'Sewa Alat'!AC9+'Sewa Alat'!AD9+'Sewa Alat'!AE9+'Sewa Alat'!AG9 -> 33333333 | G9: ='Sewa Alat'!AJ9+'Sewa Alat'!AK9+'Sewa Alat'!AM9+'Sewa Alat'!AO9+'Sewa Alat'!AQ9+'Sewa Alat'!AR9+'Sewa Alat'!AS9 -> 34666667 | H9: =+'Sewa Alat'!BZ9+'Sewa Alat'!CA9+'Sewa Alat'!CB9+'Sewa Alat'!CC9+'Sewa Alat'!CD9+'Sewa Alat'!CE9+'Sewa Alat'!CF9+'Sewa Alat'!CG9+'Sewa Alat'!CH9+'Sewa Alat'!CI9+'Sewa Alat'!CJ9 -> 41333333 | I9: ='Sewa Alat'!DN9+'Sewa Alat'!DO9+'Sewa Alat'!DP9+'Sewa Alat'!DQ9+'Sewa Alat'!DR9+'Sewa Alat'!DS9+'Sewa Alat'!DT9+'Sewa Alat'!DU9+'Sewa Alat'!DV9 -> 24000000 | J9: =sum('Sewa Alat'!FD9:FO9) -> 36000000 | L9: =D9/30*20% -> 266666.67
A10: 5 | B10: Excavator Komatsu PC 200-8 S/N C19371 | C10: 36475000 | D10: 50000000 | E10: ='Sewa Alat'!J10+'Sewa Alat'!L10+'Sewa Alat'!N10+'Sewa Alat'!P10+'Sewa Alat'!Q10+'Sewa Alat'!R10+'Sewa Alat'!T10 -> 51666667 | F10: ='Sewa Alat'!W10+'Sewa Alat'!Y10+'Sewa Alat'!AA10+'Sewa Alat'!AC10+'Sewa Alat'!AD10+'Sewa Alat'!AE10+'Sewa Alat'!AG10 -> 31666667 | G10: ='Sewa Alat'!AJ10+'Sewa Alat'!AK10+'Sewa Alat'!AM10+'Sewa Alat'!AO10+'Sewa Alat'!AQ10+'Sewa Alat'!AR10+'Sewa Alat'!AS10 -> 35000000 | H10: =+'Sewa Alat'!BZ10+'Sewa Alat'!CA10+'Sewa Alat'!CB10+'Sewa Alat'!CC10+'Sewa Alat'!CD10+'Sewa Alat'!CE10+'Sewa Alat'!CF10+'Sewa Alat'!CG10+'Sewa Alat'!CH10+'Sewa Alat'!CI10+'Sewa Alat'!CJ10 -> 50000000 | I10: ='Sewa Alat'!DN10+'Sewa Alat'!DO10+'Sewa Alat'!DP10+'Sewa Alat'!DQ10+'Sewa Alat'!DR10+'Sewa Alat'!DS10+'Sewa Alat'!DT10+'Sewa Alat'!DU10+'Sewa Alat'!DV10 -> 45000000 | J10: =sum('Sewa Alat'!FD10:FO10) -> 43333333 | L10: =D10/30*20% -> 333333.33
A11: 6 | B11: Excavator Komatsu PC 75UU-3 S/N 30164 | C11: 11441650 | D11: 30000000 | E11: ='Sewa Alat'!J11+'Sewa Alat'!L11+'Sewa Alat'!N11+'Sewa Alat'!P11+'Sewa Alat'!Q11+'Sewa Alat'!R11+'Sewa Alat'!T11 -> 14000000 | F11: ='Sewa Alat'!W11+'Sewa Alat'!Y11+'Sewa Alat'!AA11+'Sewa Alat'!AC11+'Sewa Alat'!AD11+'Sewa Alat'!AE11+'Sewa Alat'!AG11 -> 0 | G11: ='Sewa Alat'!AJ11+'Sewa Alat'!AK11+'Sewa Alat'!AM11+'Sewa Alat'!AO11+'Sewa Alat'!AQ11+'Sewa Alat'!AR11+'Sewa Alat'!AS11 -> 17000000 | H11: =+'Sewa Alat'!BZ11+'Sewa Alat'!CA11+'Sewa Alat'!CB11+'Sewa Alat'!CC11+'Sewa Alat'!CD11+'Sewa Alat'!CE11+'Sewa Alat'!CF11+'Sewa Alat'!CG11+'Sewa Alat'!CH11+'Sewa Alat'!CI11+'Sewa Alat'!CJ11 -> 30000000 | I11: ='Sewa Alat'!DN11+'Sewa Alat'!DO11+'Sewa Alat'!DP11+'Sewa Alat'!DQ11+'Sewa Alat'!DR11+'Sewa Alat'!DS11+'Sewa Alat'!DT11+'Sewa Alat'!DU11+'Sewa Alat'!DV11 -> 28000000 | J11: =sum('Sewa Alat'!FD11:FO11) -> 0 | L11: =D11/30*20% -> 200000
A12: 7 | B12: Excavator CAT 320 GX new S/N | C12: 43723000 | D12: 45000000 | E12: ='Sewa Alat'!J12+'Sewa Alat'!L12+'Sewa Alat'!N12+'Sewa Alat'!P12+'Sewa Alat'!Q12+'Sewa Alat'!R12+'Sewa Alat'!T12 -> 46500000 | F12: ='Sewa Alat'!W12+'Sewa Alat'!Y12+'Sewa Alat'!AA12+'Sewa Alat'!AC12+'Sewa Alat'!AD12+'Sewa Alat'!AE12+'Sewa Alat'!AG12 -> 37500000 | G12: ='Sewa Alat'!AJ12+'Sewa Alat'!AK12+'Sewa Alat'!AM12+'Sewa Alat'!AO12+'Sewa Alat'!AQ12+'Sewa Alat'!AR12+'Sewa Alat'!AS12 -> 45000000 | H12: =+'Sewa Alat'!BZ12+'Sewa Alat'!CA12+'Sewa Alat'!CB12+'Sewa Alat'!CC12+'Sewa Alat'!CD12+'Sewa Alat'!CE12+'Sewa Alat'!CF12+'Sewa Alat'!CG12+'Sewa Alat'!CH12+'Sewa Alat'!CI12+'Sewa Alat'!CJ12 -> 46500000 | I12: ='Sewa Alat'!DN12+'Sewa Alat'!DO12+'Sewa Alat'!DP12+'Sewa Alat'!DQ12+'Sewa Alat'!DR12+'Sewa Alat'!DS12+'Sewa Alat'!DT12+'Sewa Alat'!DU12+'Sewa Alat'!DV12 -> 42000000 | J12: =sum('Sewa Alat'!FD12:FO12) -> 40500000 | L12: =D12/30*20% -> 300000
A13: 8 | B13: Excavator Komatsu PC 200-10 MOCE | C13: 44873500 | D13: 50000000 | E13: ='Sewa Alat'!J13+'Sewa Alat'!L13+'Sewa Alat'!N13+'Sewa Alat'!P13+'Sewa Alat'!Q13+'Sewa Alat'!R13+'Sewa Alat'!T13 -> 51666667 | F13: ='Sewa Alat'!W13+'Sewa Alat'!Y13+'Sewa Alat'!AA13+'Sewa Alat'!AC13+'Sewa Alat'!AD13+'Sewa Alat'!AE13+'Sewa Alat'!AG13 -> 41666667 | G13: ='Sewa Alat'!AJ13+'Sewa Alat'!AK13+'Sewa Alat'!AM13+'Sewa Alat'!AO13+'Sewa Alat'!AQ13+'Sewa Alat'!AR13+'Sewa Alat'!AS13 -> 45000000 | H13: =+'Sewa Alat'!BZ13+'Sewa Alat'!CA13+'Sewa Alat'!CB13+'Sewa Alat'!CC13+'Sewa Alat'!CD13+'Sewa Alat'!CE13+'Sewa Alat'!CF13+'Sewa Alat'!CG13+'Sewa Alat'!CH13+'Sewa Alat'!CI13+'Sewa Alat'!CJ13 -> 51666667 | I13: ='Sewa Alat'!DN13+'Sewa Alat'!DO13+'Sewa Alat'!DP13+'Sewa Alat'!DQ13+'Sewa Alat'!DR13+'Sewa Alat'!DS13+'Sewa Alat'!DT13+'Sewa Alat'!DU13+'Sewa Alat'!DV13 -> 46666667 | J13: =sum('Sewa Alat'!FD13:FO13) -> 45000000 | L13: =D13/30*20% -> 333333.33
A14: 9 | B14: Excavator Caterpillar 320 GC | C14: 50346500 | D14: 50000000 | E14: ='Sewa Alat'!J14+'Sewa Alat'!L14+'Sewa Alat'!N14+'Sewa Alat'!P14+'Sewa Alat'!Q14+'Sewa Alat'!R14+'Sewa Alat'!T14 -> 51666667 | F14: ='Sewa Alat'!W14+'Sewa Alat'!Y14+'Sewa Alat'!AA14+'Sewa Alat'!AC14+'Sewa Alat'!AD14+'Sewa Alat'!AE14+'Sewa Alat'!AG14 -> 41666667 | G14: ='Sewa Alat'!AJ14+'Sewa Alat'!AK14+'Sewa Alat'!AM14+'Sewa Alat'!AO14+'Sewa Alat'!AQ14+'Sewa Alat'!AR14+'Sewa Alat'!AS14 -> 50000000 | H14: =+'Sewa Alat'!BZ14+'Sewa Alat'!CA14+'Sewa Alat'!CB14+'Sewa Alat'!CC14+'Sewa Alat'!CD14+'Sewa Alat'!CE14+'Sewa Alat'!CF14+'Sewa Alat'!CG14+'Sewa Alat'!CH14+'Sewa Alat'!CI14+'Sewa Alat'!CJ14 -> 51666667 | I14: ='Sewa Alat'!DN14+'Sewa Alat'!DO14+'Sewa Alat'!DP14+'Sewa Alat'!DQ14+'Sewa Alat'!DR14+'Sewa Alat'!DS14+'Sewa Alat'!DT14+'Sewa Alat'!DU14+'Sewa Alat'!DV14 -> 46666667 | J14: =sum('Sewa Alat'!FD14:FO14) -> 45000000 | L14: =D14/30*20% -> 333333.33
A15: 10 | B15: Excavator Caterpillar 320 GC | C15: 50346500 | D15: 50000000 | E15: ='Sewa Alat'!J15+'Sewa Alat'!L15+'Sewa Alat'!N15+'Sewa Alat'!P15+'Sewa Alat'!Q15+'Sewa Alat'!R15+'Sewa Alat'!T15 -> 51666667 | F15: ='Sewa Alat'!W15+'Sewa Alat'!Y15+'Sewa Alat'!AA15+'Sewa Alat'!AC15+'Sewa Alat'!AD15+'Sewa Alat'!AE15+'Sewa Alat'!AG15 -> 26666667 | G15: ='Sewa Alat'!AJ15+'Sewa Alat'!AK15+'Sewa Alat'!AM15+'Sewa Alat'!AO15+'Sewa Alat'!AQ15+'Sewa Alat'!AR15+'Sewa Alat'!AS15 -> 50000000 | H15: =+'Sewa Alat'!BZ15+'Sewa Alat'!CA15+'Sewa Alat'!CB15+'Sewa Alat'!CC15+'Sewa Alat'!CD15+'Sewa Alat'!CE15+'Sewa Alat'!CF15+'Sewa Alat'!CG15+'Sewa Alat'!CH15+'Sewa Alat'!CI15+'Sewa Alat'!CJ15 -> 51666667 | I15: ='Sewa Alat'!DN15+'Sewa Alat'!DO15+'Sewa Alat'!DP15+'Sewa Alat'!DQ15+'Sewa Alat'!DR15+'Sewa Alat'!DS15+'Sewa Alat'!DT15+'Sewa Alat'!DU15+'Sewa Alat'!DV15 -> 46666667 | J15: =sum('Sewa Alat'!FD15:FO15) -> 45000000 | L15: =D15/30*20% -> 333333.33
A16: 11 | B16: Excavator Komatsu PC 200-10 MOCE | C16: 40229000 | D16: 50000000 | E16: ='Sewa Alat'!J16+'Sewa Alat'!L16+'Sewa Alat'!N16+'Sewa Alat'!P16+'Sewa Alat'!Q16+'Sewa Alat'!R16+'Sewa Alat'!T16 -> 51666667 | F16: ='Sewa Alat'!W16+'Sewa Alat'!Y16+'Sewa Alat'!AA16+'Sewa Alat'!AC16+'Sewa Alat'!AD16+'Sewa Alat'!AE16+'Sewa Alat'!AG16 -> 40000000 | G16: ='Sewa Alat'!AJ16+'Sewa Alat'!AK16+'Sewa Alat'!AM16+'Sewa Alat'!AO16+'Sewa Alat'!AQ16+'Sewa Alat'!AR16+'Sewa Alat'!AS16 -> 50000000 | H16: =+'Sewa Alat'!BZ16+'Sewa Alat'!CA16+'Sewa Alat'!CB16+'Sewa Alat'!CC16+'Sewa Alat'!CD16+'Sewa Alat'!CE16+'Sewa Alat'!CF16+'Sewa Alat'!CG16+'Sewa Alat'!CH16+'Sewa Alat'!CI16+'Sewa Alat'!CJ16 -> 51666667 | I16: ='Sewa Alat'!DN16+'Sewa Alat'!DO16+'Sewa Alat'!DP16+'Sewa Alat'!DQ16+'Sewa Alat'!DR16+'Sewa Alat'!DS16+'Sewa Alat'!DT16+'Sewa Alat'!DU16+'Sewa Alat'!DV16 -> 46666667 | J16: =sum('Sewa Alat'!FD16:FO16) -> 45000000 | L16: =D16/30*20% -> 333333.33
A17: 12 | B17: Excavator Komatsu PC 200-10 MOCE | C17: 40229000 | D17: 50000000 | E17: ='Sewa Alat'!J17+'Sewa Alat'!L17+'Sewa Alat'!N17+'Sewa Alat'!P17+'Sewa Alat'!Q17+'Sewa Alat'!R17+'Sewa Alat'!T17 -> 51666667 | F17: ='Sewa Alat'!W17+'Sewa Alat'!Y17+'Sewa Alat'!AA17+'Sewa Alat'!AC17+'Sewa Alat'!AD17+'Sewa Alat'!AE17+'Sewa Alat'!AG17 -> 41666667 | G17: ='Sewa Alat'!AJ17+'Sewa Alat'!AK17+'Sewa Alat'!AM17+'Sewa Alat'!AO17+'Sewa Alat'!AQ17+'Sewa Alat'!AR17+'Sewa Alat'!AS17 -> 50000000 | H17: =+'Sewa Alat'!BZ17+'Sewa Alat'!CA17+'Sewa Alat'!CB17+'Sewa Alat'!CC17+'Sewa Alat'!CD17+'Sewa Alat'!CE17+'Sewa Alat'!CF17+'Sewa Alat'!CG17+'Sewa Alat'!CH17+'Sewa Alat'!CI17+'Sewa Alat'!CJ17 -> 51666667 | I17: ='Sewa Alat'!DN17+'Sewa Alat'!DO17+'Sewa Alat'!DP17+'Sewa Alat'!DQ17+'Sewa Alat'!DR17+'Sewa Alat'!DS17+'Sewa Alat'!DT17+'Sewa Alat'!DU17+'Sewa Alat'!DV17 -> 46666667 | J17: =sum('Sewa Alat'!FD17:FO17) -> 45000000 | L17: =D17/30*20% -> 333333.33
A18: 13 | B18: Excavator Caterpillar 320 GC | C18: 48203500 | D18: 50000000 | E18: ='Sewa Alat'!J18+'Sewa Alat'!L18+'Sewa Alat'!N18+'Sewa Alat'!P18+'Sewa Alat'!Q18+'Sewa Alat'!R18+'Sewa Alat'!T18 -> 0 | F18: ='Sewa Alat'!W18+'Sewa Alat'!Y18+'Sewa Alat'!AA18+'Sewa Alat'!AC18+'Sewa Alat'!AD18+'Sewa Alat'!AE18+'Sewa Alat'!AG18 -> 0 | G18: ='Sewa Alat'!AJ18+'Sewa Alat'!AK18+'Sewa Alat'!AM18+'Sewa Alat'!AO18+'Sewa Alat'!AQ18+'Sewa Alat'!AR18+'Sewa Alat'!AS18 -> 0 | H18: =+'Sewa Alat'!BZ18+'Sewa Alat'!CA18+'Sewa Alat'!CB18+'Sewa Alat'!CC18+'Sewa Alat'!CD18+'Sewa Alat'!CE18+'Sewa Alat'!CF18+'Sewa Alat'!CG18+'Sewa Alat'!CH18+'Sewa Alat'!CI18+'Sewa Alat'!CJ18 -> 51666667 | I18: ='Sewa Alat'!DN18+'Sewa Alat'!DO18+'Sewa Alat'!DP18+'Sewa Alat'!DQ18+'Sewa Alat'!DR18+'Sewa Alat'!DS18+'Sewa Alat'!DT18+'Sewa Alat'!DU18+'Sewa Alat'!DV18 -> 46666667 | J18: =sum('Sewa Alat'!FD18:FO18) -> 45000000 | L18: =D18/30*20% -> 333333.33
A19: 14 | B19: Excavator Caterpillar 320 GC | C19: 48203500 | D19: 50000000 | E19: ='Sewa Alat'!J19+'Sewa Alat'!L19+'Sewa Alat'!N19+'Sewa Alat'!P19+'Sewa Alat'!Q19+'Sewa Alat'!R19+'Sewa Alat'!T19 -> 0 | F19: ='Sewa Alat'!W19+'Sewa Alat'!Y19+'Sewa Alat'!AA19+'Sewa Alat'!AC19+'Sewa Alat'!AD19+'Sewa Alat'!AE19+'Sewa Alat'!AG19 -> 0 | G19: ='Sewa Alat'!AJ19+'Sewa Alat'!AK19+'Sewa Alat'!AM19+'Sewa Alat'!AO19+'Sewa Alat'!AQ19+'Sewa Alat'!AR19+'Sewa Alat'!AS19 -> 0 | H19: =+'Sewa Alat'!BZ19+'Sewa Alat'!CA19+'Sewa Alat'!CB19+'Sewa Alat'!CC19+'Sewa Alat'!CD19+'Sewa Alat'!CE19+'Sewa Alat'!CF19+'Sewa Alat'!CG19+'Sewa Alat'!CH19+'Sewa Alat'!CI19+'Sewa Alat'!CJ19 -> 51666667 | I19: ='Sewa Alat'!DN19+'Sewa Alat'!DO19+'Sewa Alat'!DP19+'Sewa Alat'!DQ19+'Sewa Alat'!DR19+'Sewa Alat'!DS19+'Sewa Alat'!DT19+'Sewa Alat'!DU19+'Sewa Alat'!DV19 -> 46666667 | J19: =sum('Sewa Alat'!FD19:FO19) -> 45000000 | L19: =D19/30*20% -> 333333.33
A20: 15 | B20: Caterpillar 305.5E2 Hydraulic Excavator | C20: 24344000 | D20: 35000000 | H20: =+'Sewa Alat'!BZ20+'Sewa Alat'!CA20+'Sewa Alat'!CB20+'Sewa Alat'!CC20+'Sewa Alat'!CD20+'Sewa Alat'!CE20+'Sewa Alat'!CF20+'Sewa Alat'!CG20+'Sewa Alat'!CH20+'Sewa Alat'!CI20+'Sewa Alat'!CJ20 -> 0 | I20: ='Sewa Alat'!DN20+'Sewa Alat'!DO20+'Sewa Alat'!DP20+'Sewa Alat'!DQ20+'Sewa Alat'!DR20+'Sewa Alat'!DS20+'Sewa Alat'!DT20+'Sewa Alat'!DU20+'Sewa Alat'!DV20 -> 32666667 | J20: =sum('Sewa Alat'!FD20:FO20) -> 31500000 | L20: =D20/30*20% -> 233333.33
A21: 16 | B21: Caterpillar 305.5E2 Hydraulic Excavator | C21: 24344000 | D21: 35000000 | H21: =+'Sewa Alat'!BZ21+'Sewa Alat'!CA21+'Sewa Alat'!CB21+'Sewa Alat'!CC21+'Sewa Alat'!CD21+'Sewa Alat'!CE21+'Sewa Alat'!CF21+'Sewa Alat'!CG21+'Sewa Alat'!CH21+'Sewa Alat'!CI21+'Sewa Alat'!CJ21 -> 0 | I21: ='Sewa Alat'!DN21+'Sewa Alat'!DO21+'Sewa Alat'!DP21+'Sewa Alat'!DQ21+'Sewa Alat'!DR21+'Sewa Alat'!DS21+'Sewa Alat'!DT21+'Sewa Alat'!DU21+'Sewa Alat'!DV21 -> 32666667 | J21: =sum('Sewa Alat'!FD21:FO21) -> 31500000 | L21: =D21/30*20% -> 233333.33
A22: 17 | B22: Caterpillar 305.5E2 Hydraulic Excavator | C22: 30784741 | D22: 35000000 | H22: =+'Sewa Alat'!BZ22+'Sewa Alat'!CA22+'Sewa Alat'!CB22+'Sewa Alat'!CC22+'Sewa Alat'!CD22+'Sewa Alat'!CE22+'Sewa Alat'!CF22+'Sewa Alat'!CG22+'Sewa Alat'!CH22+'Sewa Alat'!CI22+'Sewa Alat'!CJ22 -> 0 | I22: ='Sewa Alat'!DN22+'Sewa Alat'!DO22+'Sewa Alat'!DP22+'Sewa Alat'!DQ22+'Sewa Alat'!DR22+'Sewa Alat'!DS22+'Sewa Alat'!DT22+'Sewa Alat'!DU22+'Sewa Alat'!DV22 -> 32666667 | J22: =sum('Sewa Alat'!FD22:FO22) -> 31500000 | L22: =D22/30*20% -> 233333.33
A23: 18 | B23: Caterpillar 305.5E2 Hydraulic Excavator | C23: 30784741 | D23: 35000000 | H23: =+'Sewa Alat'!BZ23+'Sewa Alat'!CA23+'Sewa Alat'!CB23+'Sewa Alat'!CC23+'Sewa Alat'!CD23+'Sewa Alat'!CE23+'Sewa Alat'!CF23+'Sewa Alat'!CG23+'Sewa Alat'!CH23+'Sewa Alat'!CI23+'Sewa Alat'!CJ23 -> 0 | I23: ='Sewa Alat'!DN23+'Sewa Alat'!DO23+'Sewa Alat'!DP23+'Sewa Alat'!DQ23+'Sewa Alat'!DR23+'Sewa Alat'!DS23+'Sewa Alat'!DT23+'Sewa Alat'!DU23+'Sewa Alat'!DV23 -> 32666667 | J23: =sum('Sewa Alat'!FD23:FO23) -> 31500000 | L23: =D23/30*20% -> 233333.33
B24: BULDOZER | L24: =D24/30*20% -> 0
A25: 1 | B25: Bulldozer Caterpillar D6G | C25: 0 | D25: 45000000 | E25: ='Sewa Alat'!J27+'Sewa Alat'!L27+'Sewa Alat'!N27+'Sewa Alat'!P27+'Sewa Alat'!Q27+'Sewa Alat'!R27+'Sewa Alat'!T27 -> 28500000 | F25: ='Sewa Alat'!W27+'Sewa Alat'!Y27+'Sewa Alat'!AA27+'Sewa Alat'!AC27+'Sewa Alat'!AD27+'Sewa Alat'!AE27+'Sewa Alat'!AG27 -> 10500000 | G25: ='Sewa Alat'!AJ27+'Sewa Alat'!AK27+'Sewa Alat'!AM27+'Sewa Alat'!AO27+'Sewa Alat'!AQ27+'Sewa Alat'!AR27+'Sewa Alat'!AS27 -> 33000000 | H25: =+'Sewa Alat'!BZ27+'Sewa Alat'!CA27+'Sewa Alat'!CB27+'Sewa Alat'!CC27+'Sewa Alat'!CD27+'Sewa Alat'!CE27+'Sewa Alat'!CF27+'Sewa Alat'!CG27+'Sewa Alat'!CH27+'Sewa Alat'!CI27+'Sewa Alat'!CJ27 -> 46500000 | I25: ='Sewa Alat'!DN27+'Sewa Alat'!DO27+'Sewa Alat'!DP27+'Sewa Alat'!DQ27+'Sewa Alat'!DR27+'Sewa Alat'!DS27+'Sewa Alat'!DT27+'Sewa Alat'!DU27+'Sewa Alat'!DV27 -> 34500000 | J25: =sum('Sewa Alat'!FD27:FO27) -> 37500000 | L25: =D25/30*20% -> 300000
A26: 2 | B26: Bulldozer Komatsu D70LE-8 | C26: 0 | D26: 45000000 | E26: ='Sewa Alat'!J28+'Sewa Alat'!L28+'Sewa Alat'!N28+'Sewa Alat'!P28+'Sewa Alat'!Q28+'Sewa Alat'!R28+'Sewa Alat'!T28 -> 22500000 | F26: ='Sewa Alat'!W28+'Sewa Alat'!Y28+'Sewa Alat'!AA28+'Sewa Alat'!AC28+'Sewa Alat'!AD28+'Sewa Alat'!AE28+'Sewa Alat'!AG28 -> 31500000 | G26: ='Sewa Alat'!AJ28+'Sewa Alat'!AK28+'Sewa Alat'!AM28+'Sewa Alat'!AO28+'Sewa Alat'!AQ28+'Sewa Alat'!AR28+'Sewa Alat'!AS28 -> 33000000 | H26: =+'Sewa Alat'!BZ28+'Sewa Alat'!CA28+'Sewa Alat'!CB28+'Sewa Alat'!CC28+'Sewa Alat'!CD28+'Sewa Alat'!CE28+'Sewa Alat'!CF28+'Sewa Alat'!CG28+'Sewa Alat'!CH28+'Sewa Alat'!CI28 -> 39000000 | I26: ='Sewa Alat'!DN28+'Sewa Alat'!DO28+'Sewa Alat'!DP28+'Sewa Alat'!DQ28+'Sewa Alat'!DR28+'Sewa Alat'!DS28+'Sewa Alat'!DT28+'Sewa Alat'!DU28+'Sewa Alat'!DV28 -> 30000000 | J26: =sum('Sewa Alat'!FD28:FO28) -> 18000000 | L26: =D26/30*20% -> 300000
A27: 3 | B27: Bulldozer Caterpillar D6G XL | C27: 63921500 | D27: 45000000 | E27: ='Sewa Alat'!J29+'Sewa Alat'!L29+'Sewa Alat'!N29+'Sewa Alat'!P29+'Sewa Alat'!Q29+'Sewa Alat'!R29+'Sewa Alat'!T29 -> 46500000 | F27: ='Sewa Alat'!W29+'Sewa Alat'!Y29+'Sewa Alat'!AA29+'Sewa Alat'!AC29+'Sewa Alat'!AD29+'Sewa Alat'!AE29+'Sewa Alat'!AG29 -> 33000000 | G27: ='Sewa Alat'!AJ29+'Sewa Alat'!AK29+'Sewa Alat'!AM29+'Sewa Alat'!AO29+'Sewa Alat'!AQ29+'Sewa Alat'!AR29+'Sewa Alat'!AS29 -> 33000000 | H27: =+'Sewa Alat'!BZ29+'Sewa Alat'!CA29+'Sewa Alat'!CB29+'Sewa Alat'!CC29+'Sewa Alat'!CD29+'Sewa Alat'!CE29+'Sewa Alat'!CF29+'Sewa Alat'!CG29+'Sewa Alat'!CH29+'Sewa Alat'!CI29 -> 36000000 | I27: ='Sewa Alat'!DN29+'Sewa Alat'!DO29+'Sewa Alat'!DP29+'Sewa Alat'!DQ29+'Sewa Alat'!DR29+'Sewa Alat'!DS29+'Sewa Alat'!DT29+'Sewa Alat'!DU29+'Sewa Alat'!DV29 -> 42000000 | J27: =sum('Sewa Alat'!FD29:FO29) -> 39000000 | L27: =D27/30*20% -> 300000
A28: 4 | B28: Bulldozer D85E SS | C28: 91746500 | D28: 45000000 | E28: ='Sewa Alat'!J30+'Sewa Alat'!L30+'Sewa Alat'!N30+'Sewa Alat'!P30+'Sewa Alat'!Q30+'Sewa Alat'!R30+'Sewa Alat'!T30 -> 28500000 | F28: ='Sewa Alat'!W30+'Sewa Alat'!Y30+'Sewa Alat'!AA30+'Sewa Alat'!AC30+'Sewa Alat'!AD30+'Sewa Alat'!AE30+'Sewa Alat'!AG30 -> 22500000 | G28: ='Sewa Alat'!AJ30+'Sewa Alat'!AK30+'Sewa Alat'!AM30+'Sewa Alat'!AO30+'Sewa Alat'!AQ30+'Sewa Alat'!AR30+'Sewa Alat'!AS30 -> 22500000 | H28: =+'Sewa Alat'!BZ30+'Sewa Alat'!CA30+'Sewa Alat'!CB30+'Sewa Alat'!CC30+'Sewa Alat'!CD30+'Sewa Alat'!CE30+'Sewa Alat'!CF30+'Sewa Alat'!CG30+'Sewa Alat'!CH30+'Sewa Alat'!CI30 -> 43500000 | I28: ='Sewa Alat'!DN30+'Sewa Alat'!DO30+'Sewa Alat'!DP30+'Sewa Alat'!DQ30+'Sewa Alat'!DR30+'Sewa Alat'!DS30+'Sewa Alat'!DT30+'Sewa Alat'!DU30+'Sewa Alat'!DV30 -> 39000000 | J28: =sum('Sewa Alat'!FD30:FO30) -> 40500000 | L28: =D28/30*20% -> 300000
A29: 5 | B29: Bulldozer CAT D6g XL | C29: 52715000 | D29: 45000000 | E29: ='Sewa Alat'!J31+'Sewa Alat'!L31+'Sewa Alat'!N31+'Sewa Alat'!P31+'Sewa Alat'!Q31+'Sewa Alat'!R31+'Sewa Alat'!T31 -> 33000000 | F29: ='Sewa Alat'!W31+'Sewa Alat'!Y31+'Sewa Alat'!AA31+'Sewa Alat'!AC31+'Sewa Alat'!AD31+'Sewa Alat'!AE31+'Sewa Alat'!AG31 -> 36000000 | G29: ='Sewa Alat'!AJ31+'Sewa Alat'!AK31+'Sewa Alat'!AM31+'Sewa Alat'!AO31+'Sewa Alat'!AQ31+'Sewa Alat'!AR31+'Sewa Alat'!AS31 -> 37500000 | H29: =+'Sewa Alat'!BZ31+'Sewa Alat'!CA31+'Sewa Alat'!CB31+'Sewa Alat'!CC31+'Sewa Alat'!CD31+'Sewa Alat'!CE31+'Sewa Alat'!CF31+'Sewa Alat'!CG31+'Sewa Alat'!CH31+'Sewa Alat'!CI31 -> 46500000 | I29: ='Sewa Alat'!DN31+'Sewa Alat'!DO31+'Sewa Alat'!DP31+'Sewa Alat'!DQ31+'Sewa Alat'!DR31+'Sewa Alat'!DS31+'Sewa Alat'!DT31+'Sewa Alat'!DU31+'Sewa Alat'!DV31 -> 42000000 | J29: =sum('Sewa Alat'!FD31:FO31) -> 40500000 | L29: =D29/30*20% -> 300000
